[
	{
		"id" : "28afc309-bf00-4bb7-900b-0e1f51ff55b6",
		"name" : "1 этаж"
	},
	{
		"id" : "191dccc3-f1bc-45f9-9cb4-03542d74aa7f",
		"name" : "1 этаж"
	},
	{
		"id" : "3f3ab936-7630-4ed1-8cc5-829c86d1c859",
		"name" : "1 этаж"
	},
	{
		"id" : "1c072c70-adf4-4ad1-b6ba-9878e7c7022e"
	},
	{
		"id" : "bef68f4c-1404-4710-810f-c8a1c916d437"
	},
	{
		"id" : "b6ba39df-8c10-44cb-99f2-110f2fcd9b4a",
		"name" : "1 этаж"
	},
	{
		"id" : "5915f098-5c6b-4296-a491-80baafdfd8b0"
	},
	{
		"id" : "3f86ed92-fc80-478f-8cf6-dab891b27a9c"
	},
	{
		"id" : "e5fe72f9-61cc-4721-93f2-b3cf306e9c41",
		"name" : "1 этаж"
	},
	{
		"id" : "23d18769-3338-4d42-952d-b820367306da",
		"name" : "1 этаж"
	},
	{
		"id" : "92a80cac-ce1c-4588-9cde-3a68ae4dec5f",
		"name" : "1 этаж"
	},
	{
		"id" : "295d0c17-1341-42e0-8dc2-3b2f7baa98d8",
		"name" : "1 этаж"
	},
	{
		"id" : "789860fe-a0c2-488f-858c-fa40860224a1"
	},
	{
		"id" : "41583cc1-36ab-428d-8e23-2b519baf6905",
		"name" : "1 этаж"
	},
	{
		"id" : "9d8b61b1-6596-406f-bd60-4e895f860056",
		"name" : "1 этаж"
	},
	{
		"id" : "ab2f7fa7-258e-4d15-96f8-9d42ba0ac2ef"
	},
	{
		"id" : "ed4a1e2d-15eb-475c-8d52-0e1a1f4c1bfd"
	},
	{
		"id" : "53e06b7c-cedf-4d76-adfa-1d7a8ecc2f04"
	},
	{
		"id" : "f757f013-0247-409a-b0e2-eac267f0cca1",
		"name" : "1 этаж"
	},
	{
		"id" : "8d8acd24-75f4-4e4c-aafb-1945ec566622"
	},
	{
		"id" : "3b1424dc-4135-4cdd-b542-1c0333dc452c",
		"name" : "1 этаж"
	},
	{
		"id" : "3fc88e1b-1e74-4398-aa6e-7305f6031aea",
		"name" : "1 этаж"
	},
	{
		"id" : "19436d47-fbe0-4795-8c64-84da2223bc45",
		"name" : "1 этаж"
	},
	{
		"id" : "51147120-3d38-433b-8a59-aa57a024ff0a"
	},
	{
		"id" : "7cfd8264-8eb5-4452-9ec8-2c7ee24dd20c",
		"name" : "1 этаж"
	},
	{
		"id" : "cbc81dc1-a619-441f-ad64-3e2885b004ce",
		"name" : "1 этаж"
	},
	{
		"id" : "7bfe2b02-71ae-4f8c-a029-ae9f33ac36c9",
		"name" : "1 этаж"
	},
	{
		"id" : "0c458935-d50d-45d2-b7d3-32e8cc4ee0b5",
		"name" : "1 этаж"
	},
	{
		"id" : "ce13772b-065d-4eff-bb12-6e166a6b0572"
	},
	{
		"id" : "47011dd7-7148-4ae4-bedc-72208d486532",
		"name" : "1 этаж"
	},
	{
		"id" : "97cf028a-5485-4c23-855f-e5ac136a74bf",
		"name" : "1 этаж"
	},
	{
		"id" : "340115e2-df80-4309-85e5-4e4400a423b4"
	},
	{
		"id" : "110cf0ea-a5ff-4b1c-9492-0da145f65ef8",
		"name" : "1 этаж"
	},
	{
		"id" : "e68b6d86-d99c-4f53-9999-635c5647c3bf",
		"name" : "1 этаж"
	},
	{
		"id" : "67c33650-e435-4891-a24e-9b9675e218f2",
		"name" : "1 этаж"
	},
	{
		"id" : "210ad410-a086-4227-af5d-bdbde4c0bbd5",
		"name" : "1 этаж"
	},
	{
		"id" : "7ec35104-e1ef-446f-be1c-f04147cd69c1",
		"name" : "1 этаж"
	},
	{
		"id" : "1e1ea5ca-ff53-4b5a-88e3-5f4550e836b3"
	},
	{
		"id" : "cc07c680-c559-4e19-871d-6cbdf33d1080"
	},
	{
		"id" : "5248c02b-1332-4274-8acf-2250a69a3f44",
		"name" : "1 этаж"
	},
	{
		"id" : "c0bd76ef-21ab-44a5-b71e-6d0d228c8c58",
		"name" : "1 этаж"
	},
	{
		"id" : "e316f8a2-99a2-4de8-8d07-700a6115752e",
		"name" : "1 этаж"
	},
	{
		"id" : "bfd478a8-8e44-4d2f-8ed0-f8130f8d0fdb",
		"name" : "1 этаж"
	},
	{
		"id" : "5ef50f45-e51f-4d68-bfd1-12d61c7ea8cc"
	},
	{
		"id" : "b7a15e96-805e-46e1-9029-72b5103477d4",
		"name" : "1 этаж"
	},
	{
		"id" : "598371ce-3c9d-44b9-a387-07f482e2bf57",
		"name" : "1 этаж"
	},
	{
		"id" : "9bbd0aed-f3ec-4c94-988e-c9ec5e68ba19",
		"name" : "1 этаж"
	},
	{
		"id" : "7e717e2f-5d37-4333-98c3-b848fef5e126",
		"name" : "1 этаж"
	},
	{
		"id" : "01a8d3b0-85c4-4984-8b68-ea5cd9dd03a1",
		"name" : "4113",
		"room_number" : "4113",
		"room_name" : "4113"
	},
	{
		"id" : "3ebf7d11-341a-4574-8f6e-1b31292ed7ab",
		"name" : "1123",
		"room_number" : "1123",
		"room_name" : "1123"
	},
	{
		"id" : "720066ab-bcde-4122-8c0d-da4f8d06c61b",
		"name" : "1122",
		"room_number" : "1122",
		"room_name" : "1122"
	},
	{
		"id" : "d59d44f3-0330-4f17-84c9-cb6724dce7b7",
		"name" : "1121",
		"room_number" : "1121",
		"room_name" : "1121"
	},
	{
		"id" : "ce9106f8-7c60-416e-9637-f70ace86e273",
		"name" : "1124",
		"room_number" : "1124",
		"room_name" : "1124"
	},
	{
		"id" : "0e158db2-0a3d-4b43-a8e5-73725a206cd1"
	},
	{
		"id" : "cafc7556-8402-4d77-b0e1-314b98db6d21",
		"name" : "4119",
		"room_number" : "4119",
		"room_name" : "4119"
	},
	{
		"id" : "8b328ff4-22e4-4147-adf4-b98d2d9e7943",
		"name" : "3109",
		"room_number" : "3109",
		"room_name" : "3109"
	},
	{
		"id" : "4a1cf3b2-5bc8-4bab-b0c9-102f1fce0a79",
		"name" : "2114",
		"room_number" : "2114",
		"room_name" : "2114"
	},
	{
		"id" : "ff7afb20-01b6-459b-8289-4d001321dd74",
		"name" : "2112",
		"room_number" : "2112",
		"room_name" : "2112"
	},
	{
		"id" : "e766622e-849e-41d0-8925-5106b0c8203e",
		"name" : "Гардероб",
		"room_number" : "0004",
		"room_name" : "0004 (присв)"
	},
	{
		"id" : "f1de7a5f-8063-4700-b63d-246a315b6b76",
		"name" : "Гардероб",
		"room_number" : "0003",
		"room_name" : "0003 (присв)"
	},
	{
		"id" : "f9d411e7-28be-4c15-ae73-92c54264aa2c",
		"name" : "2116",
		"room_number" : "2116",
		"room_name" : "2116"
	},
	{
		"id" : "f842abfd-6fb2-432a-b875-32e8ce85d919",
		"name" : "2112-0",
		"room_number" : "2112-0",
		"room_name" : "2112-0"
	},
	{
		"id" : "0d8d0927-8d56-4855-a0bf-b5e78654a027",
		"name" : "4101",
		"room_number" : "4101",
		"room_name" : "4101"
	},
	{
		"id" : "23eadf2b-78e1-41a0-8d60-e7830b60111d",
		"name" : "2120",
		"room_number" : "2120",
		"room_name" : "2120"
	},
	{
		"id" : "7d67652d-5e85-42c9-b7c3-dc96ca469fed",
		"name" : "4102",
		"room_number" : "4102",
		"room_name" : "4102"
	},
	{
		"id" : "62d01304-91eb-40d5-b65c-3864a59c0ddc",
		"name" : "4108",
		"room_number" : "4108",
		"room_name" : "4108"
	},
	{
		"id" : "9ccb810f-e585-4ae9-9a94-3cce3360c03c",
		"name" : "2117",
		"room_number" : "2117",
		"room_name" : "2117"
	},
	{
		"id" : "5ea499f9-d6af-4dc9-9318-2b02433d947a"
	},
	{
		"id" : "614f985b-a9a4-4c63-aa77-0ffcbdfe3822",
		"name" : "2116б/1",
		"room_number" : "2116б/1",
		"room_name" : "2116б/1"
	},
	{
		"id" : "5c303d72-95a2-4c90-8e80-a204ad0d0a9f",
		"name" : "1120а",
		"room_number" : "1120а",
		"room_name" : "1120а"
	},
	{
		"id" : "7d3c2b62-e9ea-48c2-a140-58557e60697c",
		"name" : "4117/1",
		"room_number" : "4117/1",
		"room_name" : "4117/1"
	},
	{
		"id" : "199d15ab-c533-476a-b136-d8959349c807",
		"name" : "3110",
		"room_number" : "3110",
		"room_name" : "3110"
	},
	{
		"id" : "5727ebc4-31f4-4aaa-9481-5d6078b1fbcd"
	},
	{
		"id" : "60e46407-6124-4935-a2f6-003293e9c958",
		"name" : "4109",
		"room_number" : "4109",
		"room_name" : "4109"
	},
	{
		"id" : "bc398f82-0fdd-45f6-b6eb-494a200d11e5",
		"name" : "4107",
		"room_number" : "4107",
		"room_name" : "4107"
	},
	{
		"id" : "64a407c1-09e7-4ae5-8442-da31b1d11098",
		"name" : "3103",
		"room_number" : "3103",
		"room_name" : "3103"
	},
	{
		"id" : "2998fd0d-8ec8-4b2b-838b-6d9a3df43316",
		"name" : "2113",
		"room_number" : "2113",
		"room_name" : "2113"
	},
	{
		"id" : "5ed37aba-2f2a-4427-baab-2e7508eac418",
		"name" : "3107",
		"room_number" : "3107",
		"room_name" : "3107"
	},
	{
		"id" : "b9ea2707-c056-4b1a-bb3a-6c7bbc8483e1",
		"name" : "2115",
		"room_number" : "2115",
		"room_name" : "2115"
	},
	{
		"id" : "55298b15-64e8-4b48-b24d-e9bcf2c7f6b9",
		"name" : "4117а",
		"room_number" : "4117а",
		"room_name" : "4117а"
	},
	{
		"id" : "4db36cc5-ae8d-4911-b0cf-9bbba13af396",
		"name" : "3105",
		"room_number" : "3105",
		"room_name" : "3105"
	},
	{
		"id" : "1f9f9d42-a70c-4d61-8fe2-650a6f509b38",
		"name" : "4119в",
		"room_number" : "4119в",
		"room_name" : "4119в"
	},
	{
		"id" : "63f76d82-bce0-4612-b30d-830887ea76a9",
		"name" : "1119",
		"room_number" : "1119",
		"room_name" : "1119"
	},
	{
		"id" : "fbbad7a8-8dcf-414b-a249-8023a39a201e"
	},
	{
		"id" : "540d3258-4d6b-42fb-804a-b1f8243ebcb9"
	},
	{
		"id" : "002a1404-cfd5-4344-a248-1357d25df9e4",
		"name" : "2110а",
		"room_number" : "2110а",
		"room_name" : "2110"
	},
	{
		"id" : "0629fe0c-9aa1-471b-a020-8fc3c6ab91ff",
		"name" : "1001",
		"room_number" : "1001",
		"room_name" : "1001"
	},
	{
		"id" : "7eab70b6-c849-4b8f-947b-f1425febd059",
		"name" : "3112",
		"room_number" : "3112",
		"room_name" : "3112"
	},
	{
		"id" : "194bdbf6-084a-493d-bc3a-121cd70436b4",
		"name" : "4103",
		"room_number" : "4103",
		"room_name" : "4103"
	},
	{
		"id" : "33a0cbc1-678f-4652-97d9-8abb2ff64d0e",
		"name" : "1120б/2",
		"room_number" : "1120б/2",
		"room_name" : "1120б/2 (усл)"
	},
	{
		"id" : "85a96abc-fcb9-49ed-9e41-a09eb595b102",
		"name" : "3113",
		"room_number" : "3113",
		"room_name" : "3113"
	},
	{
		"id" : "2d60a6fa-7fc9-4c45-9ab1-93929f609351",
		"name" : "3102/1",
		"room_number" : "3102/1",
		"room_name" : "3102/1"
	},
	{
		"id" : "e1771d62-0e65-4447-b272-31a60f01923c",
		"name" : "4106",
		"room_number" : "4106",
		"room_name" : "4106"
	},
	{
		"id" : "512c338e-0507-4e08-a99d-1260f4a397d4",
		"name" : "1104",
		"room_number" : "1104",
		"room_name" : "1104"
	},
	{
		"id" : "8fd61508-617d-44b1-977d-ebfe7aa3a0cc",
		"name" : "2112д",
		"room_number" : "2112д",
		"room_name" : "2112д"
	},
	{
		"id" : "0fdb920d-2ec8-4b68-a5af-e70a2a5ea7a7"
	},
	{
		"id" : "7d65c8de-c6e4-49b6-b5e5-8a9f211d4178",
		"name" : "1106",
		"room_number" : "1106",
		"room_name" : "1106"
	},
	{
		"id" : "218cd2d0-7e17-4bac-8f29-d9c0f232f39a",
		"name" : "2122",
		"room_number" : "2122",
		"room_name" : "2122"
	},
	{
		"id" : "d525cd71-6912-4d98-8ded-c9c16699321f",
		"name" : "2112в",
		"room_number" : "2112в",
		"room_name" : "2112в"
	},
	{
		"id" : "f2a74b58-187f-4f25-bf0f-d2afa3cf6248",
		"name" : "2112г",
		"room_number" : "2112г",
		"room_name" : "2112г"
	},
	{
		"id" : "f1292e40-fd52-43ea-8b92-8bd8e73b6cd3"
	},
	{
		"id" : "eb3ffa48-46e9-43f3-837c-9fb5081b7cea",
		"name" : "4113а",
		"room_number" : "4113а",
		"room_name" : "4113а"
	},
	{
		"id" : "c154f32c-d94b-4a52-88f2-08857a3e64b3",
		"name" : "4101/1",
		"room_number" : "4101/1",
		"room_name" : "4101/1"
	},
	{
		"id" : "61a9b287-034d-43ca-8332-da66d431baab",
		"name" : "4119б",
		"room_number" : "4119б",
		"room_name" : "4119б"
	},
	{
		"id" : "323e3471-89c9-4dec-869e-9632e061bdb5"
	},
	{
		"id" : "2f1bd82c-1d17-4a4b-83f5-c89b25fa36b1"
	},
	{
		"id" : "799d0bbe-3677-429b-8efc-cf1d58ec34c4",
		"name" : "2116а",
		"room_number" : "2116а",
		"room_name" : "2116а"
	},
	{
		"id" : "d3222d7c-3185-41a5-bb60-752b1fb97a75",
		"name" : "1003а",
		"room_number" : "1003а",
		"room_name" : "1003а"
	},
	{
		"id" : "77d5bf60-5dc5-42ac-a4d4-382157d99497",
		"name" : "2119",
		"room_number" : "2119",
		"room_name" : "2119"
	},
	{
		"id" : "25d58d52-6ef8-482c-b82a-47068e3be4b6",
		"name" : "4114",
		"room_number" : "4114",
		"room_name" : "4114"
	},
	{
		"id" : "9cd256b9-a61b-4e5f-afe7-ff888a2317df",
		"name" : "2112а",
		"room_number" : "2112а",
		"room_name" : "2112а"
	},
	{
		"id" : "2cd3ce0e-d224-4932-b8ba-338444eaf284"
	},
	{
		"id" : "e9923733-fc57-47f7-a538-c6662fad2b26",
		"name" : "3104",
		"room_number" : "3104",
		"room_name" : "3104"
	},
	{
		"id" : "c1c09e19-4d0e-4251-82e5-25061a023583",
		"name" : "3101а",
		"room_number" : "3101а",
		"room_name" : "3101а"
	},
	{
		"id" : "90a27f6a-e7a7-49b1-a181-00083ef24085",
		"name" : "4110",
		"room_number" : "4110",
		"room_name" : "4110"
	},
	{
		"id" : "9fee41b5-ec64-4324-9950-bfa850e3dcfb"
	},
	{
		"id" : "ae04100c-830e-436b-82cc-506fc0f70f13",
		"name" : "3111",
		"room_number" : "3111",
		"room_name" : "3111"
	},
	{
		"id" : "f689eacd-7643-4f0f-9a17-8c6e5b82cc72",
		"name" : "2112б",
		"room_number" : "2112б",
		"room_name" : "2112б"
	},
	{
		"id" : "51f718d9-df79-464d-a739-dd8399a5782d",
		"name" : "1125",
		"room_number" : "1125",
		"room_name" : "1125"
	},
	{
		"id" : "7c92104f-375d-4eca-a061-b395d90c27b8",
		"name" : "1008",
		"room_number" : "1008",
		"room_name" : "1008"
	},
	{
		"id" : "d3e714bd-3a41-44c2-9d4e-1486d727a8b1",
		"name" : "2121",
		"room_number" : "2121",
		"room_name" : "2121"
	},
	{
		"id" : "8232ba75-6550-428b-993f-2dd1719b82f2",
		"name" : "1120б/3",
		"room_number" : "1120б/3",
		"room_name" : "1120б/3 (усл)"
	},
	{
		"id" : "4cc7176c-2bad-4f86-a29b-451672b23ebe",
		"name" : "1009",
		"room_number" : "1009",
		"room_name" : "1009"
	},
	{
		"id" : "ba7551a7-5f9a-411e-ae30-04bfb864a7cb",
		"name" : "1002",
		"room_number" : "1002",
		"room_name" : "1002"
	},
	{
		"id" : "a98bd186-d92c-4b72-85f3-c6cc6ddf9d4d",
		"name" : "1005",
		"room_number" : "1005",
		"room_name" : "1005"
	},
	{
		"id" : "16df0158-d38b-4917-9e82-2f95dd3373fe",
		"name" : "1004",
		"room_number" : "1004",
		"room_name" : "1004"
	},
	{
		"id" : "d0973494-80f9-4f1b-bbb3-41b054dffbe2",
		"name" : "1101",
		"room_number" : "1101",
		"room_name" : "1101"
	},
	{
		"id" : "8bac90d3-2003-4203-af43-e69a659e318c"
	},
	{
		"id" : "eac20bf1-18d9-4b57-a49a-ff19dcc95576",
		"name" : "4101/2",
		"room_number" : "4101/2",
		"room_name" : "4101/2"
	},
	{
		"id" : "695222fb-f664-41c0-b6bc-0fcd023310b7",
		"name" : "1102",
		"room_number" : "1102",
		"room_name" : "1102"
	},
	{
		"id" : "00f91d93-1210-4d22-8d33-6a7a03d33bc6",
		"name" : "1006",
		"room_number" : "1006",
		"room_name" : "1006"
	},
	{
		"id" : "bd4fb6a5-7932-4a45-b61c-b01191619899",
		"name" : "1012",
		"room_number" : "1012",
		"room_name" : "1012"
	},
	{
		"id" : "a1f1bb09-b147-43e8-bb6e-e4f606c049d1",
		"name" : "2116б/2",
		"room_number" : "2116б/2",
		"room_name" : "2116б/2"
	},
	{
		"id" : "86de8997-5020-4cfe-bc66-83e99f39b066",
		"name" : "1003",
		"room_number" : "1003",
		"room_name" : "1003"
	},
	{
		"id" : "c90ec88b-a83d-490b-8fd7-24203704b062",
		"name" : "1120в",
		"room_number" : "1120в",
		"room_name" : "1120в"
	},
	{
		"id" : "2a0e040d-0689-41e2-a8f3-4475673c7bdc",
		"name" : "1107",
		"room_number" : "1107",
		"room_name" : "1107"
	},
	{
		"id" : "24ac18a5-ca8d-4ed9-8e44-ab7e5debe103",
		"name" : "1103",
		"room_number" : "1103",
		"room_name" : "1103"
	},
	{
		"id" : "067c41e2-25e6-4179-8ac7-ac1504cd10b4"
	},
	{
		"id" : "cfb8787f-68f8-488f-80c7-e936ffb93861"
	},
	{
		"id" : "f920de5f-68b3-4841-994c-f3cbf51528d7",
		"name" : "1007",
		"room_number" : "1007",
		"room_name" : "1007"
	},
	{
		"id" : "a598555b-9bcf-4bef-a13d-5883e749090d",
		"name" : "4104",
		"room_number" : "4104",
		"room_name" : "4104"
	},
	{
		"id" : "d925ab15-4142-443a-a19f-fc5a2e604313"
	},
	{
		"id" : "2d0dcf18-e3e3-426a-aa31-c8c170e30fb8",
		"name" : "4115",
		"room_number" : "4115",
		"room_name" : "4115"
	},
	{
		"id" : "4da6d2a7-95d3-4975-a201-d962d9f10722"
	},
	{
		"id" : "fd0cabd1-2825-4afa-b540-755bb39df32d"
	},
	{
		"id" : "cc3912a1-1e1d-41d9-a4f4-9f510ac00ef3",
		"name" : "1120б/5",
		"room_number" : "1120б/5",
		"room_name" : "1120б/5 (усл)"
	},
	{
		"id" : "ce6427c0-ca75-42b7-bd17-b865ec5d7b02",
		"name" : "4113б",
		"room_number" : "4113б",
		"room_name" : "4113б"
	},
	{
		"id" : "abf2df0d-6032-4bfa-af5e-860c7ad4767a",
		"name" : "4101а/1",
		"room_number" : "4101а/1",
		"room_name" : "4101а/1 (усл)"
	},
	{
		"id" : "3b724647-1f5e-4ea1-8f94-e0d7d3648411",
		"name" : "1120б/0",
		"room_number" : "1120б/0",
		"room_name" : "1120б"
	},
	{
		"id" : "7c3b125e-92bc-47ab-bc8a-659a0c99ce09"
	},
	{
		"id" : "2ccf8871-7090-4830-8b1e-63372f0ec6a0",
		"name" : "1105",
		"room_number" : "1105",
		"room_name" : "1105"
	},
	{
		"id" : "20548865-8969-4bda-982f-467c19f69679",
		"name" : "4119а",
		"room_number" : "4119а",
		"room_name" : "4119а"
	},
	{
		"id" : "701d1a60-a959-496d-8286-44809a4aba4f",
		"name" : "2112-1",
		"room_number" : "2112-1",
		"room_name" : "2112-1"
	},
	{
		"id" : "6b2263d3-5247-43c1-b204-6ec602eaefe9",
		"name" : "1011",
		"room_number" : "1011",
		"room_name" : "1011"
	},
	{
		"id" : "e9d3e439-38fc-481c-9b80-e635e17e37d6"
	},
	{
		"id" : "33013de2-0524-4ca0-b20c-0cac153385c2"
	},
	{
		"id" : "54b39c16-b08d-4845-990a-7083c07f1f1c",
		"name" : "1120б/1",
		"room_number" : "1120б/1",
		"room_name" : "1120б/1 (усл)"
	},
	{
		"id" : "17ba1d22-15b7-48b9-a008-1be24e1bff96"
	},
	{
		"id" : "5f072320-b662-409c-9988-2db0ba77135c"
	},
	{
		"id" : "df1c64f7-16a5-46bf-a318-f5b80756a8cc"
	},
	{
		"id" : "0607b8fd-5205-4b8a-9455-05728d7e87be",
		"name" : "1120б/4",
		"room_number" : "1120б/4",
		"room_name" : "1120б/4 (усл)"
	},
	{
		"id" : "cce40b09-1625-42da-81ec-b37669fb5638",
		"name" : "1010",
		"room_number" : "1010",
		"room_name" : "1010"
	},
	{
		"id" : "79c978e7-cbb1-462b-9b73-7337367e3ebe",
		"name" : "3106",
		"room_number" : "3106",
		"room_name" : "3106"
	},
	{
		"id" : "0c1effca-0ca8-40a4-b209-65702efec6ef",
		"name" : "0001",
		"room_number" : "0001",
		"room_name" : "0001 (присв)"
	},
	{
		"id" : "c1fba14c-cb39-4b4b-96ae-59b925ba22c4",
		"name" : "0002",
		"room_number" : "0002",
		"room_name" : "0002 (присв)"
	},
	{
		"id" : "69f81fdd-64d1-4215-b9a4-5d01c76dff37"
	},
	{
		"id" : "4dde84a4-61ba-4fab-a421-0e41b9efca56"
	},
	{
		"id" : "f0e3adf5-2663-4703-afca-6b4b5e92f3ad",
		"name" : "3108",
		"room_number" : "3108",
		"room_name" : "3108"
	},
	{
		"id" : "876e674d-d6da-46c8-b530-7281916f52c7",
		"name" : "3107а",
		"room_number" : "3107а",
		"room_name" : "3107 а"
	},
	{
		"id" : "4f3e0bdc-b561-4eef-970f-b98be63b18c3"
	},
	{
		"id" : "f6ea979e-8c42-4d97-b40d-08d9affb4ff9",
		"name" : "3105а",
		"room_number" : "3105а",
		"room_name" : "3105а"
	},
	{
		"id" : "ccda8ca0-6a50-413f-9e93-836f750f21ba"
	},
	{
		"id" : "124cdb64-0aeb-459e-9a62-6663cb3cc661"
	},
	{
		"id" : "9dc6c328-e72d-4cce-bb18-3a10a728d23b"
	},
	{
		"id" : "d71f3791-6e90-4232-ba2f-2a1b378df560"
	},
	{
		"id" : "77bfe73a-045b-431b-af6f-325aafd53d11"
	},
	{
		"id" : "0c4be9ff-1558-477b-a92d-c2ee62a7edf2",
		"name" : "4101а/2",
		"room_number" : "4101а/2",
		"room_name" : "4101а/2 (усл)"
	},
	{
		"id" : "1ef2ff3c-bb2b-4913-bcb8-6f4edd9fd115"
	},
	{
		"id" : "68c1e3ec-9b57-44e5-a1aa-46d46a372d87",
		"name" : "3107б",
		"room_number" : "3107б",
		"room_name" : "3107б"
	},
	{
		"id" : "73474db8-9b78-4e93-9359-3438392eab0b",
		"name" : "1120б/6",
		"room_number" : "1120б/6",
		"room_name" : "1120б/6 (усл)"
	},
	{
		"id" : "0f0b3a4b-bc49-4f58-a1f4-44be77b9c072"
	},
	{
		"id" : "a6cec643-b50b-4d68-89e1-98d8d376f4dc"
	},
	{
		"id" : "d9ce4e36-bb8f-4881-8702-f49f06826d28"
	},
	{
		"id" : "d2d25b16-b04d-4960-8667-0a9845e41a10"
	},
	{
		"id" : "e1c56ed8-e458-4a49-913b-47ca2f41a20c"
	},
	{
		"id" : "e0864262-d029-433b-9db7-9e1871c625d1"
	},
	{
		"id" : "39a31097-fe19-4129-9e7e-79de6cb3e6ec"
	},
	{
		"id" : "0378c754-5cd0-4dc2-8a71-f35332082596"
	},
	{
		"id" : "d89bd2ff-8582-44e5-a444-621bb0a13e0f"
	},
	{
		"id" : "5387631b-2886-46fa-819e-2512eccc5c55"
	},
	{
		"id" : "8df3434e-d7d0-4044-bd97-1eb35d92fe60"
	},
	{
		"id" : "225b6ceb-8050-4d17-8f43-9d7aed5fc41e",
		"name" : "2111а",
		"room_number" : "2111а",
		"room_name" : "2111а"
	},
	{
		"id" : "e2475ec4-0960-4992-9648-44cda45124c6"
	},
	{
		"id" : "5545871c-a0f6-42ec-8640-fa208920be94"
	},
	{
		"id" : "14ce741b-47ca-4d19-ad0b-ad03e3951704",
		"name" : "1016",
		"room_number" : "1016",
		"room_name" : "1016"
	},
	{
		"id" : "048afe87-3f6f-4969-be0a-889c6ff9e331"
	},
	{
		"id" : "0c84f7e0-e815-47c0-b930-4804cc1ba7a2"
	},
	{
		"id" : "110e9c27-d2f8-4c5a-b4c7-6df962a72db7"
	},
	{
		"id" : "10d32ea8-3ab0-48f8-a450-7a38dca07dad"
	},
	{
		"id" : "78f3b194-3b7f-40ab-86bc-b7d629b30eec"
	},
	{
		"id" : "d09b4e96-34b3-4d49-baf3-1b87469bdfb7"
	},
	{
		"id" : "3aef613a-3125-41ae-b178-3030340d298a"
	},
	{
		"id" : "776a22e7-f3c3-440c-8109-39459f011d6a"
	},
	{
		"id" : "dad70e83-90a9-4ede-b7b7-59ed7fdfec7a"
	},
	{
		"id" : "36fe1f1c-aa75-4ff2-9e93-b8cba7058718",
		"name" : "1013",
		"room_number" : "1013",
		"room_name" : "1013"
	},
	{
		"id" : "cd5428da-c91e-4b1b-8159-4edb252e0da4"
	},
	{
		"id" : "18773f36-f75f-4a6b-a9c6-47e4f7678ae0"
	},
	{
		"id" : "6965c3c8-2c14-48d0-afc1-7df642d26a40"
	},
	{
		"id" : "4a26e1ed-69d7-4b50-b862-3f5e794e3e30",
		"name" : "2116б/3",
		"room_number" : "2116б/3",
		"room_name" : "2116б/3"
	},
	{
		"id" : "9707427a-3f63-429f-b0da-7b1dd1645e71"
	},
	{
		"id" : "39b6c22f-db35-4de6-bd7d-fa94d511a54a"
	},
	{
		"id" : "d7d9678a-172b-425d-aea2-b4be59f2b751"
	},
	{
		"id" : "75d0388a-2d47-4020-b359-5e9308b8d70c"
	},
	{
		"id" : "d926b1fd-7858-4c31-bb6e-d906bb58469f"
	},
	{
		"id" : "56505783-3f62-4275-aa00-93bc4a7da412"
	},
	{
		"id" : "74dd080a-c802-49fc-a2ec-d544d014de7e"
	},
	{
		"id" : "babee4b6-ec6a-47f3-bc08-3e3f22f6c2b7"
	},
	{
		"id" : "c0a6b92a-87f5-4eb5-b217-f9310570c8ce"
	},
	{
		"id" : "035160ca-7d28-4183-a8a2-f1408b0aebd2"
	},
	{
		"id" : "ef6185d7-5e36-4bdb-873d-ca0227ceff0f"
	},
	{
		"id" : "978a5e1d-4ce8-4aac-9cfa-996e4bcf3f07",
		"name" : "1016а",
		"room_number" : "1016а",
		"room_name" : "1016а"
	},
	{
		"id" : "de4f759a-47c3-4b1b-9ade-67f52dae0b99"
	},
	{
		"id" : "45d2b7dd-c944-4f9c-ba55-012740844fda"
	},
	{
		"id" : "2b3ab060-431d-42c3-963f-1913c1da8564"
	},
	{
		"id" : "641a627d-cc32-4a48-857c-70207e3e8709"
	},
	{
		"id" : "c67b13bf-a298-401c-ba06-8764fb91ce27"
	},
	{
		"id" : "0de1549e-4778-4cd4-ab54-5b6a00cf314e",
		"name" : "1 этаж"
	},
	{
		"id" : "fd44ea03-3a2a-4abd-a828-36f48401418c",
		"name" : "1 этаж"
	},
	{
		"id" : "c1c6592a-7dbf-40b8-84cd-472915f41214",
		"name" : "3101",
		"room_number" : "3101",
		"room_name" : "3101"
	},
	{
		"id" : "433e2545-40cf-41d9-b251-e4eaae65446c"
	},
	{
		"id" : "1b85183d-e9b6-4a13-967c-aa846b512ba1",
		"name" : "Двор"
	},
	{
		"id" : "478a0a2d-5230-42ed-9c7f-82cedee855d0",
		"name" : "2 этаж"
	},
	{
		"id" : "45c0f725-9ba6-48b0-afad-818e368b0c2b"
	},
	{
		"id" : "d09a6d08-1126-4951-aa25-a87de8617a9e"
	},
	{
		"id" : "46a67fe6-5e0f-4c9a-be44-784e5857a870",
		"name" : "4210",
		"room_number" : "4210",
		"room_name" : "4210"
	},
	{
		"id" : "f51b978e-489e-40d7-922e-38c9119f5b57",
		"name" : "4218",
		"room_number" : "4218",
		"room_name" : "4218"
	},
	{
		"id" : "cd1c77e5-2b7c-45b9-a334-e852641e41c8",
		"name" : "4202",
		"room_number" : "4202",
		"room_name" : "4202"
	},
	{
		"id" : "d197e2a1-8e40-4d5f-88d1-0c14fe3e4e45",
		"name" : "4219",
		"room_number" : "4219",
		"room_name" : "4219"
	},
	{
		"id" : "d99aee84-4db3-45e5-9427-776f3574aa63",
		"name" : "4208",
		"room_number" : "4208",
		"room_name" : "4208"
	},
	{
		"id" : "b8df12db-b1db-4ab1-b007-965214cd946d",
		"name" : "4207",
		"room_number" : "4207",
		"room_name" : "4207"
	},
	{
		"id" : "3b7a725e-1ae9-4ffa-95d3-19312b4498b4",
		"name" : "4203/1",
		"room_number" : "4203/1",
		"room_name" : "4203/1 (усл)"
	},
	{
		"id" : "75f70991-8723-4399-9c37-0b057ca60f5c",
		"name" : "4212",
		"room_number" : "4212",
		"room_name" : "4212"
	},
	{
		"id" : "ba144a45-8505-4411-ad1c-2cb7e04095bd",
		"name" : "4209",
		"room_number" : "4209",
		"room_name" : "4209"
	},
	{
		"id" : "957bd71d-fbce-4c02-afa5-17d1c2272412"
	},
	{
		"id" : "828e121a-90bb-415b-8f13-2fbaf8dbf4fc",
		"name" : "4213",
		"room_number" : "4213",
		"room_name" : "4213"
	},
	{
		"id" : "d6e888d2-81df-43fa-9030-e903de36eca8",
		"name" : "4206",
		"room_number" : "4206",
		"room_name" : "4206"
	},
	{
		"id" : "f986417e-a1e2-45c8-ac0e-505b4e83f354",
		"name" : "4216",
		"room_number" : "4216",
		"room_name" : "4216"
	},
	{
		"id" : "d6022f1c-98a6-4c9a-a1bc-b905062e3e9a",
		"name" : "4204",
		"room_number" : "4204",
		"room_name" : "4204"
	},
	{
		"id" : "0567b1eb-5ce3-4499-8622-420b07d5e4f4",
		"name" : "4219/1",
		"room_number" : "4219/1",
		"room_name" : "4219/1 (усл)"
	},
	{
		"id" : "6a9264cf-c987-484e-904b-9e24d3cef0f6",
		"name" : "4201",
		"room_number" : "4201",
		"room_name" : "4201"
	},
	{
		"id" : "6fcb5fcd-ad24-4446-bbde-a9e9d0146c03"
	},
	{
		"id" : "b49aca97-12de-47c0-80b8-534753bc6589",
		"name" : "4219/2",
		"room_number" : "4219/2",
		"room_name" : "4219/2 (усл)"
	},
	{
		"id" : "008943a4-8b87-4ede-9f75-5c2c3de081ee",
		"name" : "4217",
		"room_number" : "4217",
		"room_name" : "4217"
	},
	{
		"id" : "0df399dc-bbcb-43cc-b0c4-6f905e830f17",
		"name" : "4203/2",
		"room_number" : "4203/2",
		"room_name" : "4203/2 (усл)"
	},
	{
		"id" : "8e2d95ea-876f-4344-ad26-1d8190ff2030",
		"name" : "4219/3",
		"room_number" : "4219/3",
		"room_name" : "4219/3 (усл)"
	},
	{
		"id" : "5d1d3ce7-6da5-4d81-b514-2a152c3950f1",
		"name" : "4205",
		"room_number" : "4205",
		"room_name" : "4205"
	},
	{
		"id" : "73e44eba-617e-43ef-a3a1-3d4a4934142f"
	},
	{
		"id" : "5b5626e4-6cfb-4de4-b9d6-577e7dd1d7bc"
	},
	{
		"id" : "9dadd520-3ba4-4caa-a41d-f2f66dfe87d2"
	},
	{
		"id" : "607f12c3-2fc2-4536-823f-ceed28bbef86"
	},
	{
		"id" : "71354955-f845-4452-a15c-5e88a311d254"
	},
	{
		"id" : "b6ba997f-ddcc-4460-affd-09efcb1b9668"
	},
	{
		"id" : "0121fcb7-62d3-4261-a00f-f3cb138888e5",
		"name" : "1 этаж"
	},
	{
		"id" : "60b4cf52-c952-415a-911c-5842770dc159",
		"name" : "1 этаж"
	},
	{
		"id" : "ef7c7096-d3f4-44bd-ad77-60d7cde6f072",
		"name" : "1 этаж"
	},
	{
		"id" : "4702e43a-11af-4216-8e7d-b668125bd721"
	},
	{
		"id" : "dd9a9f7e-1054-4a53-b601-f4d887e33f0f"
	},
	{
		"id" : "d345411b-7e15-488f-a55b-92aed03ff93c",
		"name" : "1126",
		"room_number" : "1126",
		"room_name" : "1126"
	},
	{
		"id" : "34513531-3e44-4812-a026-15918eb29837"
	},
	{
		"id" : "9272385d-4457-4f40-b8fa-cee3f6b4b520",
		"name" : "1 этаж"
	},
	{
		"id" : "5c9348ff-2e81-42cc-9c83-356776ba19f0",
		"name" : "1 этаж"
	},
	{
		"id" : "54a0289c-c506-4cc3-9395-81e6c03cd503",
		"name" : "1 этаж"
	},
	{
		"id" : "0d2fb99f-9ab3-4c83-90f9-de68a8b74109",
		"name" : "1 этаж"
	},
	{
		"id" : "e83fecae-5eaa-4cc1-a5ad-ff2b233e01a6",
		"name" : "1 этаж"
	},
	{
		"id" : "fb032e27-0b3d-4fdd-b324-2949093f45ca",
		"name" : "1 этаж"
	},
	{
		"id" : "2476d1c5-af7f-4d94-ad1c-1d7cfceb925d",
		"name" : "1 этаж"
	},
	{
		"id" : "a12ee0a4-4709-48d5-904a-c5c023388a93",
		"name" : "1 этаж"
	},
	{
		"id" : "ad2ff6de-124d-4997-92f7-0c32b48007f4",
		"name" : "2139c",
		"room_number" : "2139c",
		"room_name" : "2139c"
	},
	{
		"id" : "7a4bb861-7647-466c-80f6-49b079b84683",
		"name" : "2139f",
		"room_number" : "2139f",
		"room_name" : "2139f"
	},
	{
		"id" : "c69be0e2-d62b-4b20-a665-7ca2f4e67ad4",
		"name" : "2133/1",
		"room_number" : "2133/1",
		"room_name" : "2133/1(усл)"
	},
	{
		"id" : "6ffcbb9e-dfd7-4827-952d-80fa259a5716",
		"name" : "2132б",
		"room_number" : "2132б",
		"room_name" : "2132б"
	},
	{
		"id" : "7296f8b4-92bb-4ad5-8fea-9d8622b66e1d"
	},
	{
		"id" : "57c476f1-2a97-434a-bb1c-b09907b3e54c",
		"name" : "2131",
		"room_number" : "2131",
		"room_name" : "2131"
	},
	{
		"id" : "e066d214-6e2f-4038-b1eb-5898df6b319f",
		"name" : "2139а",
		"room_number" : "2139а",
		"room_name" : "2139a"
	},
	{
		"id" : "2f3dfeaf-7a82-4dac-94bf-c3781f0dc7f6",
		"name" : "2139i",
		"room_number" : "2139i",
		"room_name" : "2139i"
	},
	{
		"id" : "446ad8d6-cd87-450e-9ffa-0265df18a67d",
		"name" : "2135",
		"room_number" : "2135",
		"room_name" : "2135"
	},
	{
		"id" : "68cd62ba-cf42-4829-a1df-7086d740ad1c",
		"name" : "2137",
		"room_number" : "2137",
		"room_name" : "2137"
	},
	{
		"id" : "cec56c6d-9a18-4f55-9b4e-1e5523529a45",
		"name" : "2134",
		"room_number" : "2134",
		"room_name" : "2134"
	},
	{
		"id" : "01d4ac87-742d-4949-9f25-9d46eeae0249",
		"name" : "2139g",
		"room_number" : "2139g",
		"room_name" : "2139g"
	},
	{
		"id" : "ccf00846-2d7d-4354-a992-f28676b3742b",
		"name" : "2136",
		"room_number" : "2136",
		"room_name" : "2136"
	},
	{
		"id" : "6bfc9555-9ffb-4ae1-be63-a04ea7eaa897",
		"name" : "2132а/1",
		"room_number" : "2132а/1",
		"room_name" : "2132а/1 (усл)"
	},
	{
		"id" : "30445156-4eff-4c81-b3ec-4951dad44967",
		"name" : "2130а",
		"room_number" : "2130а",
		"room_name" : "2130а"
	},
	{
		"id" : "47de3bde-e9c8-4c6d-bbd1-1d31dd0a3e52",
		"name" : "2139d",
		"room_number" : "2139d",
		"room_name" : "2139d"
	},
	{
		"id" : "088745e6-4abd-4fba-bff7-01183560ac46",
		"name" : "2132а/2",
		"room_number" : "2132а/2",
		"room_name" : "2132а/2 (усл)"
	},
	{
		"id" : "f9974112-628b-44c2-9b30-b97a60763bdb",
		"name" : "2139e",
		"room_number" : "2139e",
		"room_name" : "2139e"
	},
	{
		"id" : "39437ee7-8574-465e-9671-698a70cb3b2d"
	},
	{
		"id" : "db1879e3-3a6f-4e4d-8168-b1e5a4f7b9c0"
	},
	{
		"id" : "18260134-ddaf-4ce1-8762-700e7f327274",
		"name" : "2133/2",
		"room_number" : "2133/2",
		"room_name" : "2133/2(усл)"
	},
	{
		"id" : "2d38a18b-6e30-4b96-ae91-1ae776525e41"
	},
	{
		"id" : "46de4567-0886-4972-a70f-91d6db871513"
	},
	{
		"id" : "4a7eb05f-19c0-4217-81fc-da8282f8da2a"
	},
	{
		"id" : "ca6d6d98-069c-4054-8caa-e6c64c2578f3",
		"name" : "2130",
		"room_number" : "2130",
		"room_name" : "2130"
	},
	{
		"id" : "2ba1e255-ff56-40cf-b544-78e07428b36b"
	},
	{
		"id" : "69111ac0-210d-45ce-9c74-d2e81189bc89"
	},
	{
		"id" : "c9520ae9-a209-4b8a-a5a6-f99ec00a09ac"
	},
	{
		"id" : "e14e6e09-95ad-462a-8615-e9849fc81892",
		"name" : "4 этаж"
	},
	{
		"id" : "e284208a-6ab7-4e8b-a6a2-97c8dcde0029"
	},
	{
		"id" : "b23868af-92a8-4113-b18a-f68e65af8ccd",
		"name" : "4 этаж"
	},
	{
		"id" : "fb192fd4-dbc9-42c3-8fc0-650a921fe641",
		"name" : "4 этаж"
	},
	{
		"id" : "0afa3ada-dcff-48c7-b739-f9b6424104fc",
		"name" : "4 этаж"
	},
	{
		"id" : "abd1cc13-76f1-4e75-b712-78f0e41e68f6"
	},
	{
		"id" : "45144b38-8ecf-4556-b278-7aaf4b5e1da5",
		"name" : "2432",
		"room_number" : "2432",
		"room_name" : "2432"
	},
	{
		"id" : "d2a22d1f-d53d-40e6-8d59-9bd904efba70",
		"name" : "2429",
		"room_number" : "2429",
		"room_name" : "2429"
	},
	{
		"id" : "b906a8ac-27ea-414f-bcbc-06e6fd17f089",
		"name" : "2428",
		"room_number" : "2428",
		"room_name" : "2428"
	},
	{
		"id" : "c2f4be68-1e30-4768-8811-ac91791ed4d5",
		"name" : "2424",
		"room_number" : "2424",
		"room_name" : "2424"
	},
	{
		"id" : "f761ca67-ebfe-4b33-81eb-162b10587adf",
		"name" : "2434",
		"room_number" : "2434",
		"room_name" : "2434"
	},
	{
		"id" : "90b3854e-0b5b-4495-a723-661536d67a6c",
		"name" : "2435",
		"room_number" : "2435",
		"room_name" : "2435"
	},
	{
		"id" : "b6289b78-da2d-4f60-ab6d-81c0f983942c",
		"name" : "2422",
		"room_number" : "2422",
		"room_name" : "2422"
	},
	{
		"id" : "aeb8c2bf-e752-49f6-a2f9-e12959b775d2",
		"name" : "2438",
		"room_number" : "2438",
		"room_name" : "2438"
	},
	{
		"id" : "d35ad316-3dd6-4d86-8366-c71f6eaec454",
		"name" : "2433",
		"room_number" : "2433",
		"room_name" : "2433"
	},
	{
		"id" : "516e4523-6641-4bd2-8385-5290057bec21",
		"name" : "2436",
		"room_number" : "2436",
		"room_name" : "2436"
	},
	{
		"id" : "10162c49-f3f9-4500-872d-e2402c1daf28",
		"name" : "2421/2",
		"room_number" : "2421/2",
		"room_name" : "2421/2 (усл)"
	},
	{
		"id" : "cdf9b078-1a98-4f81-a3ab-b89afa6e362e",
		"name" : "2431",
		"room_number" : "2431",
		"room_name" : "2431"
	},
	{
		"id" : "d80abb93-7fb9-4b08-b438-3c4f81aa739c",
		"name" : "2426/1",
		"room_number" : "2426/1",
		"room_name" : "2426/1 (усл)"
	},
	{
		"id" : "b4e450ab-8a41-4b78-95f7-195174dd7974"
	},
	{
		"id" : "f1ea6da4-f427-498d-b800-69ece0a82424",
		"name" : "2423",
		"room_number" : "2423",
		"room_name" : "2423"
	},
	{
		"id" : "5355214f-6476-4a22-bde2-9f9331e499b6"
	},
	{
		"id" : "2e1a6047-f727-43b5-afc0-41a59f35beca",
		"name" : "2426/2",
		"room_number" : "2426/2",
		"room_name" : "2426/2 (усл)"
	},
	{
		"id" : "b8e0279f-1d05-45ac-aecb-df05945251d9",
		"name" : "2437",
		"room_number" : "2437",
		"room_name" : "2437"
	},
	{
		"id" : "879b919f-7c3d-4779-adbb-0ca71c76997c",
		"name" : "2439",
		"room_number" : "2439",
		"room_name" : "2439"
	},
	{
		"id" : "68123ba8-c1b9-40cc-8a74-d429eda1fa94",
		"name" : "2421/1",
		"room_number" : "2421/1",
		"room_name" : "2421/1 (усл)"
	},
	{
		"id" : "a48a0875-b471-4210-abf3-111190260fc3"
	},
	{
		"id" : "8b9cd0a8-32f6-409c-a8e5-fa82fcb8fe68",
		"name" : "2430",
		"room_number" : "2430",
		"room_name" : "2430"
	},
	{
		"id" : "cf89af4d-20aa-4532-95c9-77f1fa6c6fa3",
		"name" : "1 этаж"
	},
	{
		"id" : "16c0779b-e1d7-4683-a903-c7c978bd27ea",
		"name" : "1 этаж"
	},
	{
		"id" : "8748c957-f78f-491e-9bb9-cea100b3f4c2"
	},
	{
		"id" : "b0f2d31d-cbab-4a90-8516-18bf98e257ff",
		"name" : "1 этаж"
	},
	{
		"id" : "81fb522e-d9c8-476d-b0b9-29738c3881ef",
		"name" : "1 этаж"
	},
	{
		"id" : "df36f8e6-04d7-45eb-a5c5-4cf1641538f0"
	},
	{
		"id" : "c4764c8a-18d5-43a1-ad6f-98388f4d875a"
	},
	{
		"id" : "9bfa9e80-79f9-4f46-a92d-3c6326dde036"
	},
	{
		"id" : "99d2dbae-06dc-4dd1-945b-190fa6d5e9bb"
	},
	{
		"id" : "c8ef05be-e042-4913-9506-f92d0705b15f"
	},
	{
		"id" : "4d221aa6-b9f3-4d32-bde5-9e4515683d2c",
		"name" : "Двор"
	},
	{
		"id" : "f7fa43cb-c1c0-4d2c-bc07-702ba39e8f51"
	},
	{
		"id" : "5acc13dd-6a69-4a37-89e5-7b277e3a869b",
		"name" : "3 этаж"
	},
	{
		"id" : "79848db3-ab51-4510-879b-4024ed34eb0b",
		"name" : "3 этаж"
	},
	{
		"id" : "5f5bc3a4-d2c8-4351-b6f8-6684fa87d49c"
	},
	{
		"id" : "d1a7b555-54b6-4ca7-8e51-2564bc2a2824",
		"name" : "3 этаж"
	},
	{
		"id" : "07d71fc8-c1de-4067-bf4b-f2a4b1784dbb",
		"name" : "3 этаж"
	},
	{
		"id" : "47e4f1a6-c7fc-460d-a608-2d632d11536c",
		"name" : "4303",
		"room_number" : "4303",
		"room_name" : "4303"
	},
	{
		"id" : "dff0ced0-1a82-4a49-9075-990bb60a7840",
		"name" : "4306",
		"room_number" : "4306",
		"room_name" : "4306"
	},
	{
		"id" : "815adeac-4df4-4e92-87f7-859cc6606666",
		"name" : "4318",
		"room_number" : "4318",
		"room_name" : "4318"
	},
	{
		"id" : "c054ec56-221e-4324-b40b-866871d8785d",
		"name" : "4314",
		"room_number" : "4314",
		"room_name" : "4314"
	},
	{
		"id" : "8e28a3e2-7dfa-4927-a3cb-a57741cd0ebf",
		"name" : "4304",
		"room_number" : "4304",
		"room_name" : "4304"
	},
	{
		"id" : "b93113dd-7b00-4c31-8be7-3982322b6c78",
		"name" : "4319",
		"room_number" : "4319",
		"room_name" : "4319"
	},
	{
		"id" : "534dae1d-305a-4a90-8b14-961515843174",
		"name" : "4309",
		"room_number" : "4309",
		"room_name" : "4309"
	},
	{
		"id" : "4ab81f14-ed4a-4832-b3a6-4309fa98cb77",
		"name" : "4310",
		"room_number" : "4310",
		"room_name" : "4310"
	},
	{
		"id" : "47d293f3-9648-42b5-b6f0-59d8101046bc",
		"name" : "4313",
		"room_number" : "4313",
		"room_name" : "4313"
	},
	{
		"id" : "1df09a74-de02-4c84-8408-244884140e49",
		"name" : "4307",
		"room_number" : "4307",
		"room_name" : "4307"
	},
	{
		"id" : "47195323-a2c3-41be-a535-5c99603c797f",
		"name" : "4302",
		"room_number" : "4302",
		"room_name" : "4302"
	},
	{
		"id" : "4ef8f251-6fab-4d61-8edf-334789272cb6",
		"name" : "4301",
		"room_number" : "4301",
		"room_name" : "4301"
	},
	{
		"id" : "972a5470-d15f-4dc3-bbae-b340b167d451",
		"name" : "4317",
		"room_number" : "4317",
		"room_name" : "4317"
	},
	{
		"id" : "482dc497-ca48-4de8-b3e0-18bab699f8ab",
		"name" : "4320",
		"room_number" : "4320",
		"room_name" : "4320"
	},
	{
		"id" : "cd48ae8f-4ee9-4d90-b50b-3da013a9daea"
	},
	{
		"id" : "03560bef-4f9d-4b59-bbe9-be150a6c6848"
	},
	{
		"id" : "d543c69e-57fe-426c-8531-dc69fa682342",
		"name" : "4312",
		"room_number" : "4312",
		"room_name" : "4312"
	},
	{
		"id" : "39fd7ba3-aeaf-4787-9399-3d14a770e15b",
		"name" : "4316",
		"room_number" : "4316",
		"room_name" : "4316"
	},
	{
		"id" : "732e7f57-b846-46d0-a2a7-360ee9db89e6",
		"name" : "4305",
		"room_number" : "4305",
		"room_name" : "4305"
	},
	{
		"id" : "39dc836f-2b6c-40a7-b2ae-bb7e937c04f5"
	},
	{
		"id" : "427b2796-78eb-40db-a829-f6580a85744e"
	},
	{
		"id" : "5e4b2379-3614-4a86-ba7b-8e21dec648bb",
		"name" : "4308",
		"room_number" : "4308",
		"room_name" : "4308"
	},
	{
		"id" : "5041603f-955a-458c-8ac3-f26695aa4e33"
	},
	{
		"id" : "40ef7d5c-bcbe-4e9f-bd76-7aaa7ee77eba"
	},
	{
		"id" : "9bf3d187-3687-41f0-8ab7-1c1d103aad9e"
	},
	{
		"id" : "4803e5e6-56d0-4a89-b485-fdd00466a896"
	},
	{
		"id" : "fa1d2afc-b9d8-4bd4-b414-19ab4d231125"
	},
	{
		"id" : "c4216251-6e60-4a17-bcbf-44822a450e36"
	},
	{
		"id" : "f88db42c-5399-4a89-ac27-33b0e3c351e5"
	},
	{
		"id" : "e051d4bf-2b0e-47c7-94b2-69297be3d7ce"
	},
	{
		"id" : "fe945611-7e08-43ac-ac45-d3ab6c5fa429"
	},
	{
		"id" : "30302723-181f-4825-916a-3d9d0d295273"
	},
	{
		"id" : "f6a4fbeb-368d-4af9-9c1d-62f2ceb7e0cb"
	},
	{
		"id" : "c6b76b26-f6dc-41a5-b5ea-d6ae65ca9df2"
	},
	{
		"id" : "9ca14d88-6ea5-442f-8991-6c503828c649"
	},
	{
		"id" : "5e1d88ba-ea89-456b-b004-162d672c13cb",
		"name" : "4 этаж"
	},
	{
		"id" : "f3b25128-4569-4916-b26a-1ce0a10db6a1"
	},
	{
		"id" : "005fe746-b799-491f-ac91-91f43350edf8"
	},
	{
		"id" : "82d9d8ad-735f-47e2-96a5-88f399d9e8bd"
	},
	{
		"id" : "55aac2c0-a34f-4033-a245-217a56943545"
	},
	{
		"id" : "5533aaea-a437-4515-b346-fc1fe723be29"
	},
	{
		"id" : "86b8764e-2408-40c8-af16-a4ef1da1ee54",
		"name" : "4 этаж"
	},
	{
		"id" : "ad762826-fa87-4f95-b569-d57017b8b86c"
	},
	{
		"id" : "87006476-2d71-4aa4-848e-066cd017e91b"
	},
	{
		"id" : "df9450d3-d3ca-486a-9528-243388793f82",
		"name" : "Студофис",
		"room_number" : "1400",
		"room_name" : "1400"
	},
	{
		"id" : "7035c57d-2ad4-4663-9529-d2ea97503f88"
	},
	{
		"id" : "ec558574-5eee-4db7-aef1-b745696998a6"
	},
	{
		"id" : "30c40ec2-e910-46a5-9055-8e695de9262d"
	},
	{
		"id" : "dc18a982-399d-45f9-ad75-545cf8d6b55c",
		"name" : "1408",
		"room_number" : "1408",
		"room_name" : "1408"
	},
	{
		"id" : "28483ede-d1df-47db-b61e-0628202d0ff5",
		"name" : "1418/2",
		"room_number" : "1418/2",
		"room_name" : "1418/2"
	},
	{
		"id" : "4334498c-071c-4f94-8fe9-75b6fb4143c2"
	},
	{
		"id" : "6cbc8cd8-cb94-4622-9da1-bcf4852d0316"
	},
	{
		"id" : "1ccb5e31-4f9d-4d78-b0da-23a16d585ab3",
		"name" : "1412/2",
		"room_number" : "1412/2",
		"room_name" : "1412/2 (усл)"
	},
	{
		"id" : "8853a711-6f57-4aff-abb5-78f376bb5c4e",
		"name" : "1421",
		"room_number" : "1421",
		"room_name" : "1421"
	},
	{
		"id" : "6e42724e-f445-4bdd-80ab-afb39952b3e0",
		"name" : "1419б",
		"room_number" : "1419б",
		"room_name" : "1419б"
	},
	{
		"id" : "57725c3f-487d-42e6-b284-60af7171241a",
		"name" : "1411",
		"room_number" : "1411",
		"room_name" : "1411"
	},
	{
		"id" : "a8a307cc-2ebb-46d8-b6e6-5affdc528a80",
		"name" : "1412/3",
		"room_number" : "1412/3",
		"room_name" : "1412/3 (усл)"
	},
	{
		"id" : "824a1434-9a8b-412e-9276-1df3c6599bdb"
	},
	{
		"id" : "51ddd6a6-3a09-4de2-a2f1-554ea87a5272"
	},
	{
		"id" : "885c237f-e42a-424c-8b73-d95914d7fa21"
	},
	{
		"id" : "5a169377-973c-44a5-ad61-e6e75b9a6140",
		"name" : "1410",
		"room_number" : "1410",
		"room_name" : "1410"
	},
	{
		"id" : "fa71c1c8-bfa1-456f-9056-d54644076585",
		"name" : "1417",
		"room_number" : "1417",
		"room_name" : "1417"
	},
	{
		"id" : "400c36a8-0d91-4a6b-a55d-7290b1c3d715",
		"name" : "1409",
		"room_number" : "1409",
		"room_name" : "1409"
	},
	{
		"id" : "c997c9e5-153c-46d5-b7f0-87ce2879cefd"
	},
	{
		"id" : "8d681bc3-3112-49b7-9066-198e11d1f8dd"
	},
	{
		"id" : "84552979-e850-4fb3-ba95-748b169c9b95",
		"name" : "1418/1",
		"room_number" : "1418/1",
		"room_name" : "1418/1"
	},
	{
		"id" : "8addc800-0a2b-4095-896e-325895536016",
		"name" : "1418/3",
		"room_number" : "1418/3",
		"room_name" : "1418/3"
	},
	{
		"id" : "88dd7844-e072-4a5b-b9bb-0a8f9e3a8f3a",
		"name" : "1412/1",
		"room_number" : "1412/1",
		"room_name" : "1412/1 (усл)"
	},
	{
		"id" : "c33a6836-f451-4ad3-91db-7f4e07da6909",
		"name" : "1419а",
		"room_number" : "1419а",
		"room_name" : "1419а"
	},
	{
		"id" : "f7025cd3-4b3a-4970-8bb5-415c00aba852",
		"name" : "Переговорная 21",
		"room_number" : "1400и",
		"room_name" : "1400и"
	},
	{
		"id" : "8a72d13e-3cf3-4624-bd22-985bab3b81b0",
		"name" : "Переговорная 19",
		"room_number" : "1400ж",
		"room_name" : "1400ж"
	},
	{
		"id" : "459ad3d2-2b78-4b85-83ed-ca6d6e26293c",
		"name" : "1400г",
		"room_number" : "1400г",
		"room_name" : "1400г"
	},
	{
		"id" : "112c20f3-b49e-4fb3-86b4-f017a168cf52",
		"name" : "1400в",
		"room_number" : "1400в",
		"room_name" : "1400в"
	},
	{
		"id" : "7c91be9b-af56-4f1c-a342-f00f641f0ace",
		"name" : "Переговорная 18",
		"room_number" : "1400е",
		"room_name" : "1400е"
	},
	{
		"id" : "4e677eff-2527-446b-8ce2-236946ac3c10",
		"name" : "Переговорная 20",
		"room_number" : "1400з",
		"room_name" : "1400з"
	},
	{
		"id" : "0f3c9cdd-5420-4ef4-8148-89563a21a1af",
		"name" : "1400б",
		"room_number" : "1400б",
		"room_name" : "1400б"
	},
	{
		"id" : "da84d0cb-b593-406c-b968-c4fb42242875",
		"name" : "1400a",
		"room_number" : "1400a",
		"room_name" : "1400а"
	},
	{
		"id" : "96dd632c-96f1-4005-8b67-bc2c2fc592e0",
		"name" : "1419в",
		"room_number" : "1419в",
		"room_name" : "1419в"
	},
	{
		"id" : "7a2111cd-fbb9-42f6-bacc-e4f2952f91d6",
		"name" : "Переговорная 17",
		"room_number" : "1400д",
		"room_name" : "1400д"
	},
	{
		"id" : "e1ff09e7-e9a8-422d-be56-b00e50f66f68"
	},
	{
		"id" : "e6378df0-4560-466a-81ed-c98f9997634f"
	},
	{
		"id" : "1a0ec68a-578e-472a-9cce-cf7ea8cb79b8",
		"name" : "1418/4",
		"room_number" : "1418/4",
		"room_name" : "1418/4"
	},
	{
		"id" : "5523d378-ba46-4760-83b9-6855485adaca"
	},
	{
		"id" : "e1d34156-9185-4123-8e47-69136ecf638a"
	},
	{
		"id" : "240ebdbe-c4de-4072-946c-2386448d8e8a"
	},
	{
		"id" : "4f041ef3-7bdb-415b-a75c-571a65224bb4",
		"name" : "1505/7",
		"room_number" : "1505/7",
		"room_name" : "1505/7"
	},
	{
		"id" : "3f639c28-33d6-4c70-9ce1-d71e0ee723fc",
		"name" : "5 этаж"
	},
	{
		"id" : "09db6bb6-4f31-4524-ab1c-b1aaa07761a0"
	},
	{
		"id" : "05c90e8f-7bef-49c3-8316-60b4a6b36084"
	},
	{
		"id" : "ab13fb0f-82bf-45b7-808e-88aaf51d0db4"
	},
	{
		"id" : "ac355d7b-9272-4554-be2a-6cf7afcd3d1d"
	},
	{
		"id" : "d4603e33-648d-410f-8b1a-c5672db3ad05"
	},
	{
		"id" : "c6fc68fb-0691-400c-bf2a-e4749a495509",
		"name" : "Библиотека",
		"room_number" : "1505",
		"room_name" : "1505"
	},
	{
		"id" : "8deef8bd-f145-4e18-a1a0-6d8cedf96b52"
	},
	{
		"id" : "0ca5bd0a-d974-421e-8873-14d53d54e9ff",
		"name" : "1505/5",
		"room_number" : "1505/5",
		"room_name" : "1505/5"
	},
	{
		"id" : "2432beac-486c-4db5-881d-0998a0c603dd",
		"name" : "1505/2",
		"room_number" : "1505/2",
		"room_name" : "1505/2"
	},
	{
		"id" : "5d189e3f-67b8-40ee-9cba-e1c7472dc237",
		"name" : "1512",
		"room_number" : "1512",
		"room_name" : "1512"
	},
	{
		"id" : "5f5d2451-eda6-4bd6-95d5-d38c48604853",
		"name" : "1509",
		"room_number" : "1509",
		"room_name" : "1509"
	},
	{
		"id" : "e39e8462-ca5f-441e-a015-9108e88cff86",
		"name" : "1508/1",
		"room_number" : "1508/1",
		"room_name" : "1508/1 (усл)"
	},
	{
		"id" : "f2ebc2fd-558c-424a-87a9-303f54e7efca",
		"name" : "1511",
		"room_number" : "1511",
		"room_name" : "1511"
	},
	{
		"id" : "76840fa4-008b-4f09-8d80-36d0e940afbb",
		"name" : "1514",
		"room_number" : "1514",
		"room_name" : "1514"
	},
	{
		"id" : "6465ea2e-f967-4bb8-8394-65c08e3c1174",
		"name" : "1513",
		"room_number" : "1513",
		"room_name" : "1513"
	},
	{
		"id" : "fc4710d5-64c0-4411-ac82-0c813f99a529"
	},
	{
		"id" : "7a321916-e4da-467a-90bd-677795fe9e91",
		"name" : "1505/6",
		"room_number" : "1505/6",
		"room_name" : "1505/6"
	},
	{
		"id" : "65f17ab1-65a2-41f6-bc2c-c38b4adea635",
		"name" : "1505/3",
		"room_number" : "1505/3",
		"room_name" : "1505/3"
	},
	{
		"id" : "16128784-1ca5-4db9-8ac5-59c3111748e7",
		"name" : "1505/4",
		"room_number" : "1505/4",
		"room_name" : "1505/4"
	},
	{
		"id" : "5047f763-9c8b-47d5-8cfb-41fd15b3860a"
	},
	{
		"id" : "f76839a7-4dc5-43a9-9807-cc84530fb90f",
		"name" : "1510",
		"room_number" : "1510",
		"room_name" : "1510"
	},
	{
		"id" : "4817699d-eeee-4461-8f6d-1b920731bba6",
		"name" : "1505/1",
		"room_number" : "1505/1",
		"room_name" : "1505/1"
	},
	{
		"id" : "ffc518f5-5e7e-4694-a559-ef3e3d1589ef"
	},
	{
		"id" : "20165cc7-dcb2-4357-90d1-b1a378f5aaa0",
		"name" : "1508/2",
		"room_number" : "1508/2",
		"room_name" : "1508/2 (усл)"
	},
	{
		"id" : "10f914b8-4bd2-4a26-8b84-58b3bd687974"
	},
	{
		"id" : "b18d4e53-4535-402a-9a4b-e765e0124c38"
	},
	{
		"id" : "7083add9-75d7-486f-a8a4-01c28db72a3b"
	},
	{
		"id" : "8806f636-a622-4107-8659-acdd848e18e5"
	},
	{
		"id" : "9afff2d9-d6ce-44b0-99fe-df8ed3fe727d",
		"name" : "1513а",
		"room_number" : "1513а",
		"room_name" : "1513а"
	},
	{
		"id" : "ae3a5834-e3d3-4d78-a011-32ae5ebacc21",
		"name" : "3325А",
		"room_number" : "3325А",
		"room_name" : "3325 А"
	},
	{
		"id" : "00ea0870-7efc-4347-84d7-40d176e15e44",
		"name" : "3327/1",
		"room_number" : "3327/1",
		"room_name" : "3327/1"
	},
	{
		"id" : "dfda193c-0f12-406e-a288-86a9026216dd",
		"name" : "3328",
		"room_number" : "3328",
		"room_name" : "3328"
	},
	{
		"id" : "8d996849-5feb-4713-a7be-074688e387ba",
		"name" : "3325/2",
		"room_number" : "3325/2",
		"room_name" : "3325/2"
	},
	{
		"id" : "3d2a4c3b-8bd9-4da6-9168-6089340369df",
		"name" : "3325/1",
		"room_number" : "3325/1",
		"room_name" : "3325/1"
	},
	{
		"id" : "0c36ceb5-d58c-4f2b-b601-2bb089f22ce4"
	},
	{
		"id" : "489d3f2a-40e1-43a1-9b13-6ca63e5a1fdf",
		"name" : "3325/3",
		"room_number" : "3325/3",
		"room_name" : "3325/3"
	},
	{
		"id" : "a2d80c77-742b-43b1-a89b-438cc23439e3",
		"name" : "3327/2",
		"room_number" : "3327/2",
		"room_name" : "3327/2"
	},
	{
		"id" : "fc01a340-70a6-4029-b0c8-c17fb4e74b33"
	},
	{
		"id" : "511519c8-896e-45fe-bdf8-8c374442ff73",
		"name" : "3328А",
		"room_number" : "3328А",
		"room_name" : "3328А"
	},
	{
		"id" : "a03503f0-9399-4773-96a4-b25feb13885a"
	},
	{
		"id" : "58a38f1a-9626-4d56-9508-fc44a4e72a90"
	},
	{
		"id" : "3bfb0de0-90fc-4d6e-af27-f1398997100c"
	},
	{
		"id" : "be9e7f90-33d5-47a1-bb24-3ec9fcc34054",
		"name" : "3 этаж"
	},
	{
		"id" : "94f5abd9-6e23-4d56-8dd5-3b859d5d3517",
		"name" : "3215",
		"room_number" : "3215",
		"room_name" : "3215"
	},
	{
		"id" : "1c3aca02-d188-4877-9af7-92f132e2596f",
		"name" : "3219",
		"room_number" : "3219",
		"room_name" : "3219"
	},
	{
		"id" : "f8953d39-e298-40d5-aece-1bc24474abdc",
		"name" : "3218",
		"room_number" : "3218",
		"room_name" : "3218"
	},
	{
		"id" : "d92cc1b2-b69d-4f83-b379-5c094eac9d8f"
	},
	{
		"id" : "9d0c2660-60e3-4f9a-8adb-2b15b8bbf8fc",
		"name" : "3217",
		"room_number" : "3217",
		"room_name" : "3217"
	},
	{
		"id" : "d9cf36aa-82a2-46a8-9223-49bcd52fecb3"
	},
	{
		"id" : "a062639c-bad7-4815-8eb2-a445defeb606",
		"name" : "2 этаж"
	},
	{
		"id" : "bb0ed1ce-b2ac-4f06-928f-52fa2e96eec2",
		"name" : "1 этаж"
	},
	{
		"id" : "a66b561d-b2af-4be9-8324-ae60c69437f6"
	},
	{
		"id" : "26a50269-a5ec-46a2-8e5c-381f9dd14e0e"
	},
	{
		"id" : "af04e828-85c4-47ad-abaa-57745fb534be",
		"name" : "4401/7",
		"room_number" : "4401/7",
		"room_name" : "4401/7 (усл)"
	},
	{
		"id" : "b84060f9-d6e0-41a2-865e-ee9435163701",
		"name" : "4401/9",
		"room_number" : "4401/9",
		"room_name" : "4401/9 (усл)"
	},
	{
		"id" : "f2c6d66d-ae5e-47a8-b963-89b70e37d2a3",
		"name" : "4406/1",
		"room_number" : "4406/1",
		"room_name" : "4406/1 (усл)"
	},
	{
		"id" : "76821b0f-3086-4b58-a325-92c3849d6b9c",
		"name" : "Большой зал",
		"room_number" : "4405",
		"room_name" : "4405"
	},
	{
		"id" : "1db49c4b-ca65-4def-83ba-3b2ec84e2508",
		"name" : "Малый зал",
		"room_number" : "4403",
		"room_name" : "4403"
	},
	{
		"id" : "f7ff1eaf-4e07-4ca9-b93c-34a1f74fdc7b",
		"name" : "Тренажерный зал «сухой» гребли",
		"room_number" : "4402/1",
		"room_name" : "4402/1 (усл)"
	},
	{
		"id" : "4862e621-d610-4ef6-855b-575b270b1ce7",
		"name" : "Тренажерный зал",
		"room_number" : "4404",
		"room_name" : "4404"
	},
	{
		"id" : "4327aa86-c02f-4234-ad21-851cb444ece6",
		"name" : "4401/1",
		"room_number" : "4401/1",
		"room_name" : "4401/1 (усл)"
	},
	{
		"id" : "6cced6b1-d41f-4e06-82cd-4acb8516242a",
		"name" : "4402/3",
		"room_number" : "4402/3",
		"room_name" : "4402/3 (усл)"
	},
	{
		"id" : "6e5ef557-23a2-4dad-a929-d1aef2402420",
		"name" : "4401/2",
		"room_number" : "4401/2",
		"room_name" : "4401/2 (усл)"
	},
	{
		"id" : "5022f3b6-6e54-47ed-a6a8-352ea7e5ed0f",
		"name" : "4401/3",
		"room_number" : "4401/3",
		"room_name" : "4401/3 (усл)"
	},
	{
		"id" : "ed508767-85e5-4ae8-972b-e0d97de824ed",
		"name" : "4404а",
		"room_number" : "4404а",
		"room_name" : "4404а"
	},
	{
		"id" : "ee79bf35-f7ba-47d1-bfd1-1078a5a4ee2e",
		"name" : "4401/8",
		"room_number" : "4401/8",
		"room_name" : "4401/8 (усл)"
	},
	{
		"id" : "441b339d-033a-4b11-9bc9-f3726f009a44",
		"name" : "4406/3",
		"room_number" : "4406/3",
		"room_name" : "4406/3 (усл)"
	},
	{
		"id" : "7da9af69-13d7-4aa9-b10f-262f62e6a2ed",
		"name" : "4406/4",
		"room_number" : "4406/4",
		"room_name" : "4406/4 (усл)"
	},
	{
		"id" : "4dff19e0-4438-40b8-a71e-a1c013df0306",
		"name" : "4401/4",
		"room_number" : "4401/4",
		"room_name" : "4401/4 (усл)"
	},
	{
		"id" : "53cd1d91-c38b-407c-8585-5b7c061fe374",
		"name" : "4402/2",
		"room_number" : "4402/2",
		"room_name" : "4402/2 (усл)"
	},
	{
		"id" : "86632229-71c2-4796-a80e-e2274d620e62",
		"name" : "4401/5",
		"room_number" : "4401/5",
		"room_name" : "4401/5 (усл)"
	},
	{
		"id" : "29044153-bfc7-4342-ae51-891e48ed0522",
		"name" : "4406/2",
		"room_number" : "4406/2",
		"room_name" : "4406/2 (усл)"
	},
	{
		"id" : "eb2521bf-3273-4e32-9809-2c2c9ed7cb2c",
		"name" : "4401/6",
		"room_number" : "4401/6",
		"room_name" : "4401/6 (усл)"
	},
	{
		"id" : "bb2a3c84-37dd-4632-8c51-fff77bd18d6f"
	},
	{
		"id" : "0b3a71bb-eb2f-40e0-b720-d5a2164e6317"
	},
	{
		"id" : "de1ff743-64e5-4a4c-bfbb-48912d8c7a61"
	},
	{
		"id" : "7b65c225-8a00-4453-a275-b0b0615bf037",
		"name" : "3 этаж"
	},
	{
		"id" : "1c5937e9-e39e-44a2-99b9-601e03ea087e"
	},
	{
		"id" : "b13c94b8-affb-4eb2-a1fe-9a2c2aa0b96c",
		"name" : "3 этаж"
	},
	{
		"id" : "a90f745a-9783-408e-b19e-4b58daa76769",
		"name" : "3 этаж"
	},
	{
		"id" : "07606835-049a-4714-8688-7476f372178f",
		"name" : "1330",
		"room_number" : "1330",
		"room_name" : "1330"
	},
	{
		"id" : "16ac6771-708d-4042-be3b-5987a7425ac5",
		"name" : "1329",
		"room_number" : "1329",
		"room_name" : "1329"
	},
	{
		"id" : "7fd60142-a891-48da-92c1-649b5a1692d2"
	},
	{
		"id" : "0bc772d4-332e-4f0a-ba73-8c42094fcc23",
		"name" : "3310",
		"room_number" : "3310",
		"room_name" : "3310"
	},
	{
		"id" : "5f1b3840-d31b-40a7-a73c-dbcc6262259c",
		"name" : "3313",
		"room_number" : "3313",
		"room_name" : "3313"
	},
	{
		"id" : "7b14317c-d144-435c-be3f-7c8dd9c4b422",
		"name" : "3315",
		"room_number" : "3315",
		"room_name" : "3315"
	},
	{
		"id" : "caf7cdf1-19e8-4c14-bb0e-bf431820bb19",
		"name" : "3314",
		"room_number" : "3314",
		"room_name" : "3314"
	},
	{
		"id" : "c1fed540-744f-4718-8e8a-0e4ed569c2f7"
	},
	{
		"id" : "42fa20fd-3ac4-4bf4-b028-003ebfc201a2",
		"name" : "3312",
		"room_number" : "3312",
		"room_name" : "3312"
	},
	{
		"id" : "e4eb382f-63e6-4c45-846a-deb23ad9ed32"
	},
	{
		"id" : "74e4e294-fcd5-4244-8206-5124c7633cfb",
		"name" : "3308",
		"room_number" : "3308",
		"room_name" : "3308"
	},
	{
		"id" : "0f5fa9f6-6320-47be-8f5c-8b854ea633c0"
	},
	{
		"id" : "b9e0a7c5-e3e4-4049-a6f9-42a9646f685f",
		"name" : "3304",
		"room_number" : "3304",
		"room_name" : "3304"
	},
	{
		"id" : "7bd3c7bc-2e13-4e4d-a730-67c51b61f715"
	},
	{
		"id" : "640055ce-fa4c-400f-a137-3d6cbab400c3",
		"name" : "3306",
		"room_number" : "3306",
		"room_name" : "3306"
	},
	{
		"id" : "9a3f4546-9c77-486a-ae88-066c1e13b16c",
		"name" : "3307",
		"room_number" : "3307",
		"room_name" : "3307"
	},
	{
		"id" : "435cea1d-2e5d-488a-bc9b-211564bd9adc",
		"name" : "3302",
		"room_number" : "3302",
		"room_name" : "3302"
	},
	{
		"id" : "ed9d3e25-a8a4-4461-a9e2-72ba3262bd56",
		"name" : "3320",
		"room_number" : "3320",
		"room_name" : "3320"
	},
	{
		"id" : "91bdc5d3-c097-444b-bfc4-f9f2e0f29eeb",
		"name" : "3321",
		"room_number" : "3321",
		"room_name" : "3321"
	},
	{
		"id" : "e7095b2b-d58a-4fe6-b4f4-7164caa2c59d"
	},
	{
		"id" : "10c70e16-d41e-48e1-999a-20ed31210817",
		"name" : "3317",
		"room_number" : "3317",
		"room_name" : "3317"
	},
	{
		"id" : "06b5dfd9-6004-48b2-b673-0bbc08eb9991"
	},
	{
		"id" : "1e136f9d-fcdf-419f-95d8-d0d18dfdc8e1",
		"name" : "3318",
		"room_number" : "3318",
		"room_name" : "3318"
	},
	{
		"id" : "eeede814-377d-4e21-9521-e68a1dde285e",
		"name" : "3319",
		"room_number" : "3319",
		"room_name" : "3319"
	},
	{
		"id" : "e7de6f91-d55f-46f5-aafb-ba2cfb479434",
		"name" : "3316",
		"room_number" : "3316",
		"room_name" : "3316"
	},
	{
		"id" : "8e836efe-88a6-4962-a62c-8dac98f8c069",
		"name" : "3309",
		"room_number" : "3309",
		"room_name" : "3309"
	},
	{
		"id" : "0dee980a-b3d1-4cf0-99a8-18ebabe539a7"
	},
	{
		"id" : "b6fbccb4-336c-4591-8ac6-471f03587437"
	},
	{
		"id" : "8092bb47-047c-422f-8c67-aff333f1177b",
		"name" : "3301",
		"room_number" : "3301",
		"room_name" : "3301"
	},
	{
		"id" : "fdf234d2-e3af-44fb-8d9e-2b6548e4f45b",
		"name" : "3311",
		"room_number" : "3311",
		"room_name" : "3311"
	},
	{
		"id" : "12d969c6-d5df-4084-a03a-a795c43f688e"
	},
	{
		"id" : "45895a43-484f-4a07-90ef-80187823614c"
	},
	{
		"id" : "05a682bd-2c4f-4690-a853-57095d2ea0cb"
	},
	{
		"id" : "f6a5dc1d-6c11-46ea-8071-feced2768f97"
	},
	{
		"id" : "392c8d13-6af6-488b-b389-cf0fb9609733",
		"name" : "3303",
		"room_number" : "3303",
		"room_name" : "3303"
	},
	{
		"id" : "11eca576-6ab9-40ae-92b8-7776de5819f9"
	},
	{
		"id" : "f63ae0d6-7590-41ee-9e2c-fa1f89d88967"
	},
	{
		"id" : "9bdf2c64-4b34-4c34-b9c1-4bbc62bd0122"
	},
	{
		"id" : "35e5c5e7-9e58-48d8-89ba-4905ea17cbd7"
	},
	{
		"id" : "c9534200-3c30-4180-8682-6aa7c8bc2c66",
		"name" : "3318а",
		"room_number" : "3318а",
		"room_name" : "3318а"
	},
	{
		"id" : "8025e81d-052e-42e2-9e47-6851c4ac4584"
	},
	{
		"id" : "ec674c9c-ca8e-445d-ba83-3883a02c73a1"
	},
	{
		"id" : "f180d7a4-90fd-49bb-b60a-3c6d118db52e"
	},
	{
		"id" : "16367bd8-559d-4309-bbb2-3b9a6226aa37",
		"name" : "3305",
		"room_number" : "3305",
		"room_name" : "3305"
	},
	{
		"id" : "40aa714d-2f01-40e1-bbaf-461c5b929598"
	},
	{
		"id" : "748d38d9-9c8d-48fa-84d6-86bc2e5c055d"
	},
	{
		"id" : "c1d6e260-9de0-4ea1-8cc7-3ca92423719e"
	},
	{
		"id" : "f5df0531-5d91-4e35-9494-d2f1c1e1d6d7"
	},
	{
		"id" : "5cecc52a-a31a-4d1e-976b-442a4b6c1581"
	},
	{
		"id" : "7c64a9d6-7854-4b2c-8937-46252f6bb83e"
	},
	{
		"id" : "b3f269ed-1c73-4817-b1b4-d0a926fd2181"
	},
	{
		"id" : "41c48555-7d80-4610-bea3-bff464b28f91"
	},
	{
		"id" : "085fc5d0-1911-4bf9-bb5a-e2a15483a4b3"
	},
	{
		"id" : "c8e597c8-ecf6-4d92-b431-118b33967765",
		"name" : "3 этаж"
	},
	{
		"id" : "37f386f9-7e6c-4712-824e-89c9a7fd5836"
	},
	{
		"id" : "f91d9bda-4ecb-42eb-98a4-848f6c730de2",
		"name" : "4 этаж"
	},
	{
		"id" : "8d550bba-b09a-4244-b8bc-a2b2479717df"
	},
	{
		"id" : "6ed9eff3-99bb-407c-8bfc-424ba20d5c82",
		"name" : "4 этаж"
	},
	{
		"id" : "eee4e118-4fb2-48f3-be70-592d4654b60d",
		"name" : "3408",
		"room_number" : "3408",
		"room_name" : "3408"
	},
	{
		"id" : "6e80cabc-52c7-4fa8-a51b-53d4d4312f1c",
		"name" : "3411",
		"room_number" : "3411",
		"room_name" : "3411"
	},
	{
		"id" : "d5ce7528-d50b-492e-af9e-c3fd11ff8b71",
		"name" : "3404",
		"room_number" : "3404",
		"room_name" : "3404"
	},
	{
		"id" : "76094016-577d-424e-9581-bc279c88c9d1",
		"name" : "3407",
		"room_number" : "3407",
		"room_name" : "3407"
	},
	{
		"id" : "4b847f3b-dde9-4e08-818d-1bc462133ced",
		"name" : "3412",
		"room_number" : "3412",
		"room_name" : "3412"
	},
	{
		"id" : "a5a763c0-28fd-451e-86dc-4070f16427db",
		"name" : "3410",
		"room_number" : "3410",
		"room_name" : "3410"
	},
	{
		"id" : "35f62bb6-ad05-40fe-8047-a6859f6da8b8",
		"name" : "3414",
		"room_number" : "3414",
		"room_name" : "3414"
	},
	{
		"id" : "687ebc19-1d96-4181-a45c-940eb0cd010a",
		"name" : "3401а",
		"room_number" : "3401а",
		"room_name" : "3401а"
	},
	{
		"id" : "130a1ccd-3dd5-42a2-9d19-d0b8a8adf779",
		"name" : "3403",
		"room_number" : "3403",
		"room_name" : "3403"
	},
	{
		"id" : "0bdafa59-9f5d-40ea-b029-b2ebeaf5f660",
		"name" : "3417",
		"room_number" : "3417",
		"room_name" : "3417"
	},
	{
		"id" : "7257563f-cc5f-4b33-a8a5-7036fca26cf0",
		"name" : "3407а",
		"room_number" : "3407а",
		"room_name" : "3407а"
	},
	{
		"id" : "6c6b47b2-469f-4511-ae2a-099a27697c38",
		"name" : "3419",
		"room_number" : "3419",
		"room_name" : "3419"
	},
	{
		"id" : "49481646-376a-4ae2-aee2-05b703e1f17e",
		"name" : "3401",
		"room_number" : "3401",
		"room_name" : "3401"
	},
	{
		"id" : "11931d3b-06f3-4f26-a097-2e2e74074ce5",
		"name" : "3403а",
		"room_number" : "3403а",
		"room_name" : "3403а"
	},
	{
		"id" : "2beceb91-4e5c-482b-b7e1-12eb6bbc678c",
		"name" : "3402",
		"room_number" : "3402",
		"room_name" : "3402"
	},
	{
		"id" : "9ba0d58e-93bd-4e9c-b6f5-8816fef01ea5",
		"name" : "3406",
		"room_number" : "3406",
		"room_name" : "3406"
	},
	{
		"id" : "142cc7be-75c8-47d2-9dd6-e1f7c4f3f034",
		"name" : "3413",
		"room_number" : "3413",
		"room_name" : "3413"
	},
	{
		"id" : "f0b3fe14-8aaf-4df0-9d38-b7b1c8415ecc",
		"name" : "3405",
		"room_number" : "3405",
		"room_name" : "3405"
	},
	{
		"id" : "5531ba41-4ae1-4c10-a2cc-109b12c5a046",
		"name" : "3405а",
		"room_number" : "3405а",
		"room_name" : "3405a"
	},
	{
		"id" : "8e2f437c-b59a-402e-a803-a49e15a02232"
	},
	{
		"id" : "c8c3f551-69c6-4368-b0f6-12c907610d41",
		"name" : "3415",
		"room_number" : "3415",
		"room_name" : "3415"
	},
	{
		"id" : "2ca94bc1-78a5-4da3-8533-d38af39450f5"
	},
	{
		"id" : "746ecd8e-4827-4350-a1f2-4525586a051a"
	},
	{
		"id" : "bb1d1dcc-c309-437b-bbf0-8ec8783e3d55"
	},
	{
		"id" : "01b7ef30-a521-4c80-82d5-a0fd24e39cd6"
	},
	{
		"id" : "32966ea8-4523-43a9-b46a-731a6a34079f"
	},
	{
		"id" : "5302fc81-a85e-4e7b-a26e-88e4c4bcecc7"
	},
	{
		"id" : "20b014cd-ba49-40d3-bb03-bb18ed55ad9b"
	},
	{
		"id" : "7f588d34-c901-4f28-9381-239317fd0d39"
	},
	{
		"id" : "268e913b-8ecb-4a70-bc17-e942df0136a2",
		"name" : "5 этаж"
	},
	{
		"id" : "4df58338-d9d9-45fa-9fc7-84b56d78a3bc"
	},
	{
		"id" : "9b58ff90-14f6-4536-be7a-9e355d3c586d"
	},
	{
		"id" : "fe669c04-3e2b-4870-a241-39a96bb512f2"
	},
	{
		"id" : "290fd672-b87d-4684-8dea-31f4cd3ef9a0",
		"name" : "Борцовский зал",
		"room_number" : "4506/1",
		"room_name" : "4506/1"
	},
	{
		"id" : "3ffb167c-2fa7-4b35-94a4-1c775ec1062e",
		"name" : "4504",
		"room_number" : "4504",
		"room_name" : "4504"
	},
	{
		"id" : "95f2fc3c-c7ca-4611-8ff9-0f69511b464a",
		"name" : "4505",
		"room_number" : "4505",
		"room_name" : "4505"
	},
	{
		"id" : "3fb18fb2-23aa-45d3-a9e8-675fe97d5c75",
		"name" : "4506/3",
		"room_number" : "4506/3",
		"room_name" : "4506/3"
	},
	{
		"id" : "913c0216-8c58-4ef8-b5df-def85f8c13ec"
	},
	{
		"id" : "a37734d9-13a6-4ce7-a405-fa1e7ad4293d",
		"name" : "4505а",
		"room_number" : "4505а",
		"room_name" : "4505а"
	},
	{
		"id" : "e6ddcfb2-d80b-4219-9008-601927db5586",
		"name" : "4506/2",
		"room_number" : "4506/2",
		"room_name" : "4506/2"
	},
	{
		"id" : "9da3b16b-f6b9-4914-a593-a2e6f0700dbe"
	},
	{
		"id" : "eb6abcad-b43b-412b-922c-ef8f4c9d6508"
	},
	{
		"id" : "0b2c77e3-4090-41ad-a030-a71d2fd3d3d6",
		"name" : "4501",
		"room_number" : "4501",
		"room_name" : "4501"
	},
	{
		"id" : "16352ff6-285a-4393-ab77-5e67cfc467c7",
		"name" : "4502",
		"room_number" : "4502",
		"room_name" : "4502"
	},
	{
		"id" : "c6ac3235-64ce-4c02-92d9-03de6f8d839c",
		"name" : "4503",
		"room_number" : "4503",
		"room_name" : "4503"
	},
	{
		"id" : "cab5e406-a9b7-42db-805d-1cc498d9795a"
	},
	{
		"id" : "67cbfe09-acfe-49eb-9eb3-e25c06ed8249"
	},
	{
		"id" : "0ab0be43-f397-458d-bb32-feeb6660994d"
	},
	{
		"id" : "4ff40e11-edfa-46b0-bd50-c69d27758f11"
	},
	{
		"id" : "1583ed65-92c0-40c6-9d85-53102c0e3857",
		"name" : "2 этаж"
	},
	{
		"id" : "8dd7d069-43c5-4ad8-99b8-38f7dcd9f0b7"
	},
	{
		"id" : "37aa917e-4241-41ae-94e7-e60aace5d7df",
		"name" : "2 этаж"
	},
	{
		"id" : "de2a59ab-1a45-437f-bc45-1338f475d655",
		"name" : "2 этаж"
	},
	{
		"id" : "3f33992f-b2a5-4ad9-8f49-1162a2b44b7f"
	},
	{
		"id" : "d72ee9da-07ce-4a48-af73-668eb9186cb3",
		"name" : "2 этаж"
	},
	{
		"id" : "a0c2f23a-f0fd-4ff4-9220-448035586a70",
		"name" : "2202",
		"room_number" : "2202",
		"room_name" : "2202"
	},
	{
		"id" : "720d4ee0-0068-44b2-9c29-984f7e59a98f",
		"name" : "2201/1",
		"room_number" : "2201/1",
		"room_name" : "2201/1 (усл)"
	},
	{
		"id" : "2f49eab0-2dcc-49ac-9d87-01cfea0c2741",
		"name" : "2201/3",
		"room_number" : "2201/3",
		"room_name" : "2201/3 (усл)"
	},
	{
		"id" : "2561fe63-95d1-4861-a0fb-db6b78df963d",
		"name" : "2204/2",
		"room_number" : "2204/2",
		"room_name" : "2204/2"
	},
	{
		"id" : "bad5165e-bd7a-438a-8282-3befcc0f37ae",
		"name" : "2204/1",
		"room_number" : "2204/1",
		"room_name" : "2204/1"
	},
	{
		"id" : "5d518787-e436-49a3-8d81-f22808c4e0cc",
		"name" : "2204/4",
		"room_number" : "2204/4",
		"room_name" : "2204/4 (усл)"
	},
	{
		"id" : "c5086619-20fc-457d-8b3c-968599b959ac",
		"name" : "2204/3",
		"room_number" : "2204/3",
		"room_name" : "2204/3"
	},
	{
		"id" : "2178029e-7a68-4d59-84b9-cc9ef5ef27a3",
		"name" : "2201/4",
		"room_number" : "2201/4",
		"room_name" : "2201/4 (усл)"
	},
	{
		"id" : "608a0256-b452-4315-972a-6afb38a96077",
		"name" : "2201/2",
		"room_number" : "2201/2",
		"room_name" : "2201/2 (усл)"
	},
	{
		"id" : "4cb1f778-3a5e-434b-a28d-7429961d18a0",
		"name" : "2204/5",
		"room_number" : "2204/5",
		"room_name" : "2204/5 (усл)"
	},
	{
		"id" : "37607ef4-c704-46f8-8b62-1777290b4526",
		"name" : "2203",
		"room_number" : "2203",
		"room_name" : "2203"
	},
	{
		"id" : "4fea7ee4-3b5a-4b46-981b-a094f9cdc2db"
	},
	{
		"id" : "113440fd-2769-4dc0-8374-38e5548dc812"
	},
	{
		"id" : "15ef37f5-03d7-488e-98f2-ef35f6d665fb"
	},
	{
		"id" : "e95be0b6-6024-4317-b70b-4979d55357f9"
	},
	{
		"id" : "1d3d835d-80ca-41ad-ab1b-e9a6419a6eeb"
	},
	{
		"id" : "136b3b71-70ce-4c15-9cca-be2657956966"
	},
	{
		"id" : "8b36dfc4-1287-45b5-97b4-aa45e2526bd1"
	},
	{
		"id" : "3fb95483-8c53-4742-abe2-2a59d343c98a"
	},
	{
		"id" : "2f51682a-c496-46c6-a25f-d32ddceba024",
		"name" : "2 этаж"
	},
	{
		"id" : "3cf956fa-73a6-404d-b61d-6970afbc3750",
		"name" : "2 этаж"
	},
	{
		"id" : "2970556f-ef40-4711-b7fe-c50aa8ba2676",
		"name" : "2 этаж"
	},
	{
		"id" : "650ec2fb-e3e8-4472-aed8-c13f1c10f44c",
		"name" : "2 этаж"
	},
	{
		"id" : "22343f34-c070-476f-bd55-1cafd7c8b0af"
	},
	{
		"id" : "94147890-23c7-4bca-a463-3b0d0600e466",
		"name" : "2 этаж"
	},
	{
		"id" : "2e58334c-6be3-4406-917b-0c3e3a64c1aa",
		"name" : "2 этаж"
	},
	{
		"id" : "db6702bd-f457-485e-b7d6-8d33eb104612"
	},
	{
		"id" : "65e8dc82-7f1c-4ced-92fc-c13a99b685c0",
		"name" : "2 этаж"
	},
	{
		"id" : "df18b1b3-2161-4e90-aefa-4ca377f8b66d"
	},
	{
		"id" : "9e9297d9-06e6-4f87-8fc6-ecd7760b0a2b"
	},
	{
		"id" : "641f223c-cace-4ddc-8dbc-b473e7d536ec",
		"name" : "2 этаж"
	},
	{
		"id" : "6670ad36-ac86-4130-85ab-993c017d9fd6",
		"name" : "2 этаж"
	},
	{
		"id" : "4d6359e4-02c9-4ab9-b8a6-0e2dc9848f91",
		"name" : "2 этаж"
	},
	{
		"id" : "266baf04-ea6d-4e22-8483-d89769686ec1",
		"name" : "2 этаж"
	},
	{
		"id" : "53d07106-17e9-42cd-b21d-b86b72dfa44f",
		"name" : "2 этаж"
	},
	{
		"id" : "b9ac49c6-cf16-4742-83ff-302262f02a85"
	},
	{
		"id" : "d083d7b9-debb-49b3-9f41-4bd9f27d8e01"
	},
	{
		"id" : "2b79871e-9cee-403d-83ee-7c006a50894f"
	},
	{
		"id" : "46fb3a51-fe67-403c-b214-7875ef0ce4f3"
	},
	{
		"id" : "c2636d94-bf3a-4222-ad51-0a75763470c8",
		"name" : "2 этаж"
	},
	{
		"id" : "8ca21caa-4d97-4afe-92c2-e8f88f0de1a4"
	},
	{
		"id" : "fc9e1844-05c8-4b54-ab13-5f581930ba5a",
		"name" : "2 этаж"
	},
	{
		"id" : "1f877d16-4c1e-44e3-8311-456895decb40"
	},
	{
		"id" : "64709222-a188-4ba6-a0dc-0cfce70ccfef"
	},
	{
		"id" : "f3b0b917-f29c-450c-8501-f67e11be842d",
		"name" : "Столовая",
		"room_number" : "1131",
		"room_name" : "1131 (присв)"
	},
	{
		"id" : "4ae716fb-cbcc-49f0-993d-08ed321ea635",
		"name" : "Актовый зал",
		"room_number" : "1216/0",
		"room_name" : "1216/0 (усл)"
	},
	{
		"id" : "4e69204b-59a5-4603-8092-36e0e2bf2ed0",
		"name" : "1222",
		"room_number" : "1222",
		"room_name" : "1222"
	},
	{
		"id" : "2f37503d-0cf9-409b-9a03-d799cb34af00",
		"name" : "2219",
		"room_number" : "2219",
		"room_name" : "2219"
	},
	{
		"id" : "57ce9d5d-667a-4c33-a291-fecf3c0ad513",
		"name" : "1223",
		"room_number" : "1223",
		"room_name" : "1223"
	},
	{
		"id" : "90ecdeb1-99c0-4373-aeb1-b2e41a1cecf8",
		"name" : "1220",
		"room_number" : "1220",
		"room_name" : "1220"
	},
	{
		"id" : "657023c3-ff9e-4abb-b2e9-d4d23947cb75",
		"name" : "1221",
		"room_number" : "1221",
		"room_name" : "1221"
	},
	{
		"id" : "a3b5295f-acc3-4d49-89f5-aea1d5dd7696",
		"name" : "1224",
		"room_number" : "1224",
		"room_name" : "1224"
	},
	{
		"id" : "7588b97f-39ff-4857-8ae1-9451701e96bd",
		"name" : "1226",
		"room_number" : "1226",
		"room_name" : "1226"
	},
	{
		"id" : "0efa7e60-b579-4526-8049-0fd7fcc8a305",
		"name" : "3207",
		"room_number" : "3207",
		"room_name" : "3207"
	},
	{
		"id" : "ea7f733c-4102-4cc5-a882-d4a93c21830b",
		"name" : "3220",
		"room_number" : "3220",
		"room_name" : "3220"
	},
	{
		"id" : "53f704b7-5e4c-4c62-a5f2-7c7ea071200c",
		"name" : "2221/2",
		"room_number" : "2221/2",
		"room_name" : "2221/2"
	},
	{
		"id" : "54d4f5a8-18ea-4152-9c6d-dd5d6d384c0b",
		"name" : "2216/1",
		"room_number" : "2216/1",
		"room_name" : "2216/1"
	},
	{
		"id" : "5daa8e20-465a-4b0c-89f8-e90a5454abc4"
	},
	{
		"id" : "de03428c-1b67-45c9-aa9a-c3a65259c2b4",
		"name" : "2211/1",
		"room_number" : "2211/1",
		"room_name" : "2211/1"
	},
	{
		"id" : "0a378555-a516-4f16-8c30-6dd8add49fd0"
	},
	{
		"id" : "f7f36ca0-182f-4c71-8ea0-e809d52113a7",
		"name" : "2221/0",
		"room_number" : "2221/0",
		"room_name" : "2221/0"
	},
	{
		"id" : "a13340f8-8b1a-4901-a7bf-e0eaff1054f4",
		"name" : "2221/8",
		"room_number" : "2221/8",
		"room_name" : "2221/8"
	},
	{
		"id" : "005476ee-c726-44a4-b085-962327d0b853",
		"name" : "1208/2",
		"room_number" : "1208/2",
		"room_name" : "1208/2 (усл)"
	},
	{
		"id" : "1327b1d5-7fe9-44bf-82c3-a96e1089fd08",
		"name" : "2212",
		"room_number" : "2212",
		"room_name" : "2212"
	},
	{
		"id" : "0943cc6b-c167-4e44-9d00-8118372dcbe7",
		"name" : "2221/1",
		"room_number" : "2221/1",
		"room_name" : "2221/1"
	},
	{
		"id" : "c578749e-5b30-417f-a859-8b5f0ba102a5",
		"name" : "1122а",
		"room_number" : "1122а",
		"room_name" : "1122а"
	},
	{
		"id" : "6b4674ab-fa2d-4574-bf71-6ef079ba90a9",
		"name" : "1225",
		"room_number" : "1225",
		"room_name" : "1225"
	},
	{
		"id" : "66b821e9-56e5-4dcf-9d61-292cb3cdcc07",
		"name" : "2215",
		"room_number" : "2215",
		"room_name" : "2215"
	},
	{
		"id" : "705cd5a0-a232-47d6-ad56-171190be876e",
		"name" : "3202",
		"room_number" : "3202",
		"room_name" : "3202"
	},
	{
		"id" : "cb536d2e-b89e-4b9a-bcd2-007ec612c104"
	},
	{
		"id" : "d917417f-9123-4754-b824-b36e2762df73",
		"name" : "3222",
		"room_number" : "3222",
		"room_name" : "3222"
	},
	{
		"id" : "b3745ab9-9c4f-4220-8760-19da522e2872",
		"name" : "2221/5",
		"room_number" : "2221/5",
		"room_name" : "2221/5"
	},
	{
		"id" : "517c2e41-bf7a-4f3b-a0d8-99a687ada5c2",
		"name" : "3225",
		"room_number" : "3225",
		"room_name" : "3225"
	},
	{
		"id" : "965c0ca6-a0a2-483d-a0f3-c4d51dccefe3",
		"name" : "2218",
		"room_number" : "2218",
		"room_name" : "2218"
	},
	{
		"id" : "c4391028-412a-42e1-8cce-0c84ec131596",
		"name" : "1206",
		"room_number" : "1206",
		"room_name" : "1206"
	},
	{
		"id" : "08a82c76-9dd4-4740-9da4-1c8051717a3c",
		"name" : "3229",
		"room_number" : "3229",
		"room_name" : "3229"
	},
	{
		"id" : "11675d53-b146-43f4-aec8-861e5a0376c8",
		"name" : "1210",
		"room_number" : "1210",
		"room_name" : "1210"
	},
	{
		"id" : "f61b85ef-b080-440c-8be1-8263a591865a",
		"name" : "1227/1",
		"room_number" : "1227/1",
		"room_name" : "1227/1 (усл)"
	},
	{
		"id" : "50864971-23f7-45bb-a6f4-ea0f40c473cf"
	},
	{
		"id" : "0719f6bc-cdcf-4359-93f4-a14c85ebd37d",
		"name" : "1227/2",
		"room_number" : "1227/2",
		"room_name" : "1227/2 (усл)"
	},
	{
		"id" : "b4d7d22b-2e61-4239-9627-9bbc86f51339",
		"name" : "3212",
		"room_number" : "3212",
		"room_name" : "3212"
	},
	{
		"id" : "df8a43ed-66ca-47e4-871f-84dad587870a",
		"name" : "1203",
		"room_number" : "1203",
		"room_name" : "1203"
	},
	{
		"id" : "85489861-4efb-4714-919d-92465059286f",
		"name" : "3227",
		"room_number" : "3227",
		"room_name" : "3227"
	},
	{
		"id" : "2cfacdaa-a348-4d94-abb5-a39785c0e290",
		"name" : "3210",
		"room_number" : "3210",
		"room_name" : "3210"
	},
	{
		"id" : "730c73c2-7a6f-4f9e-9e8a-854b764bcfd8",
		"name" : "3204",
		"room_number" : "3204",
		"room_name" : "3204"
	},
	{
		"id" : "40a766e2-5afd-40eb-b3fb-147a7f89bf99",
		"name" : "3213",
		"room_number" : "3213",
		"room_name" : "3213"
	},
	{
		"id" : "47c7ff70-ee8e-452d-8aee-a70a1d3d8ffc"
	},
	{
		"id" : "1a0909d6-8b95-4f22-b996-75c10403f8f6",
		"name" : "2221/4",
		"room_number" : "2221/4",
		"room_name" : "2221/4"
	},
	{
		"id" : "19ec84b0-02e4-41c1-b369-7b3cd5ed5596",
		"name" : "1201/1",
		"room_number" : "1201/1",
		"room_name" : "1201/1 (усл)"
	},
	{
		"id" : "1851aa0e-1e0e-4978-b310-051ff2d1d2b1",
		"name" : "1208/1",
		"room_number" : "1208/1",
		"room_name" : "1208/1 (усл)"
	},
	{
		"id" : "9a56db22-10bd-4049-98ba-e90cde6a34b9",
		"name" : "2221/3",
		"room_number" : "2221/3",
		"room_name" : "2221/3"
	},
	{
		"id" : "6eff6963-a8a7-42c3-9ed1-fcd604a7d9c5",
		"name" : "1217",
		"room_number" : "1217",
		"room_name" : "1217"
	},
	{
		"id" : "e33d99b6-74da-4ddc-b6be-090b2b21b27a",
		"name" : "1228",
		"room_number" : "1228",
		"room_name" : "1228"
	},
	{
		"id" : "fd987b89-9544-4158-b3bb-140f9b9345fc",
		"name" : "1215",
		"room_number" : "1215",
		"room_name" : "1215"
	},
	{
		"id" : "fb02b627-e6c1-4f8e-9aee-28e952c28e61",
		"name" : "1213",
		"room_number" : "1213",
		"room_name" : "1213"
	},
	{
		"id" : "d0cad717-789b-40b4-bb74-d705eda8d01b",
		"name" : "2221/9",
		"room_number" : "2221/9",
		"room_name" : "2221/9"
	},
	{
		"id" : "ef1d01c9-e7f1-44bc-b58b-949bb2c50fb6",
		"name" : "1206/2",
		"room_number" : "1206/2",
		"room_name" : "1206/2 (усл)"
	},
	{
		"id" : "cea20da4-0873-46ec-94ef-37229b7204d6"
	},
	{
		"id" : "fb4a629d-c740-45dd-9092-8e2475bf9338",
		"name" : "3209",
		"room_number" : "3209",
		"room_name" : "3209"
	},
	{
		"id" : "6cfb2570-695e-4ebb-8fc4-90373f77f567"
	},
	{
		"id" : "adb1984a-76e0-4222-a4f0-7f886f2c34b4",
		"name" : "3224",
		"room_number" : "3224",
		"room_name" : "3224"
	},
	{
		"id" : "95846889-23f2-4293-a704-26377342b61e"
	},
	{
		"id" : "b2f11fad-c67f-4fd1-bd37-2b10c673fd55"
	},
	{
		"id" : "bc200c96-8c34-48c3-8fb6-e5fc32a10f3e",
		"name" : "1212",
		"room_number" : "1212",
		"room_name" : "1212"
	},
	{
		"id" : "45b7b3f5-c3d8-40df-a566-679d5a91bd8d",
		"name" : "2211/2",
		"room_number" : "2211/2",
		"room_name" : "2211/2"
	},
	{
		"id" : "b8a3f1a9-80e6-48a3-b376-9a193aa61113"
	},
	{
		"id" : "2793d527-30ff-41dc-8ec1-f09e0ae1b1db",
		"name" : "3223",
		"room_number" : "3223",
		"room_name" : "3223"
	},
	{
		"id" : "ba83c4cb-2518-4d01-85c2-abebce48357a",
		"name" : "3211",
		"room_number" : "3211",
		"room_name" : "3211"
	},
	{
		"id" : "5b076226-a8e8-44e9-b2f4-a607b7f35b29",
		"name" : "3228",
		"room_number" : "3228",
		"room_name" : "3228"
	},
	{
		"id" : "5422b7ae-bf29-4a65-b019-54a0c6224ad3"
	},
	{
		"id" : "c36273d9-bb4c-4456-b919-a14b81c00f87"
	},
	{
		"id" : "a1e76b29-0279-45e9-a74a-70c7d349806b",
		"name" : "1214",
		"room_number" : "1214",
		"room_name" : "1214"
	},
	{
		"id" : "4dbd5567-6c05-4d92-a522-0b70b29e7482",
		"name" : "3201",
		"room_number" : "3201",
		"room_name" : "3201"
	},
	{
		"id" : "0049d08b-b46d-4f69-a9af-dd0864de547b",
		"name" : "1209/2",
		"room_number" : "1209/2",
		"room_name" : "1209/2 (усл)"
	},
	{
		"id" : "48fd655b-c82c-48ff-9b19-9354e7987483"
	},
	{
		"id" : "f1f723d9-aebc-4c54-86d4-8a6ddf4b9b4e",
		"name" : "1202",
		"room_number" : "1202",
		"room_name" : "1202"
	},
	{
		"id" : "be833079-9687-4a50-b1e2-4ee2f63647b7",
		"name" : "3214",
		"room_number" : "3214",
		"room_name" : "3214"
	},
	{
		"id" : "6937dcf8-6162-4cf5-b8c1-184a43b0ac2f"
	},
	{
		"id" : "654546e5-9b18-4915-8c67-2c1822a41565"
	},
	{
		"id" : "d3a6a020-9e5b-4326-9aa1-35b9d237a2cb",
		"name" : "1211",
		"room_number" : "1211",
		"room_name" : "1211"
	},
	{
		"id" : "026631d9-5f6b-4c5a-8776-18e0b8069cbe"
	},
	{
		"id" : "ae624bef-2726-4eed-96cc-f61e4fa6f7e0",
		"name" : "3205",
		"room_number" : "3205",
		"room_name" : "3205"
	},
	{
		"id" : "73fbe545-0a9d-48c4-be98-8613890b4249",
		"name" : "2213",
		"room_number" : "2213",
		"room_name" : "2213"
	},
	{
		"id" : "5cd643e2-838e-453a-b822-c654f31f4c33"
	},
	{
		"id" : "5b35b78e-ee10-4566-ad0a-ffcb18913fdd",
		"name" : "2221/10",
		"room_number" : "2221/10",
		"room_name" : "2221/10"
	},
	{
		"id" : "ce3f661b-a8d6-4cce-a3b9-d2b75e99d1bb",
		"name" : "2220",
		"room_number" : "2220",
		"room_name" : "2220"
	},
	{
		"id" : "8e88b726-cc74-4e8e-bde4-45c141ef89a3"
	},
	{
		"id" : "e5782477-8ad1-4f47-b246-3560c42454b3",
		"name" : "2221/6",
		"room_number" : "2221/6",
		"room_name" : "2221/6"
	},
	{
		"id" : "f8ca3a4d-2418-469c-8227-3f063596ed10",
		"name" : "1207",
		"room_number" : "1207",
		"room_name" : "1207"
	},
	{
		"id" : "5f605f3c-3add-4a56-be60-ec25c4bc801f"
	},
	{
		"id" : "76d053a7-0413-4ed7-8a41-42cfb98b6b8f"
	},
	{
		"id" : "83d662a1-82d1-457c-acbc-a906407796ae",
		"name" : "1205",
		"room_number" : "1205",
		"room_name" : "1205"
	},
	{
		"id" : "64e980d5-71c1-4112-8ce9-ae8437af3381"
	},
	{
		"id" : "b086dbe8-02cd-4685-becd-724fbf89fc9f",
		"name" : "3208",
		"room_number" : "3208",
		"room_name" : "3208"
	},
	{
		"id" : "57ff3f5c-df16-4987-8ddf-b147d67fb210",
		"name" : "1218",
		"room_number" : "1218",
		"room_name" : "1218"
	},
	{
		"id" : "ceefa23e-503a-43d6-8634-d4cad30cdf4f",
		"name" : "3221",
		"room_number" : "3221",
		"room_name" : "3221"
	},
	{
		"id" : "b581b38b-aad9-430d-bda7-77f46771f5af",
		"name" : "1201/2",
		"room_number" : "1201/2",
		"room_name" : "1201/2 (усл)"
	},
	{
		"id" : "79eac9e3-1337-4157-ad61-33d153abde3c"
	},
	{
		"id" : "5a80e481-36c0-4347-ac5c-235eb53a2af5",
		"name" : "3226",
		"room_number" : "3226",
		"room_name" : "3226"
	},
	{
		"id" : "9ef17fed-fefa-4c53-9578-92b94aee6716",
		"name" : "2221/7",
		"room_number" : "2221/7",
		"room_name" : "2221/7"
	},
	{
		"id" : "3dd0cb50-92b1-4314-a668-4226a3ef9469",
		"name" : "1215-1",
		"room_number" : "1215-1",
		"room_name" : "1215-1"
	},
	{
		"id" : "4c61bf10-378f-4c4b-8520-3189d9790c13",
		"name" : "1219",
		"room_number" : "1219",
		"room_name" : "1219 (присв)"
	},
	{
		"id" : "9b34397f-3e37-4ea7-af59-ef497c72a514",
		"name" : "3230",
		"room_number" : "3230",
		"room_name" : "3230"
	},
	{
		"id" : "eb2722a4-24dc-4798-9c36-3b86357f53dc",
		"name" : "2211/3",
		"room_number" : "2211/3",
		"room_name" : "2211/3"
	},
	{
		"id" : "62f692c9-97be-4f11-9f8c-a9e97eff59da",
		"name" : "2217",
		"room_number" : "2217",
		"room_name" : "2217"
	},
	{
		"id" : "18c843d8-2fbe-4294-a8f6-d12fa5714c64",
		"name" : "2216/2",
		"room_number" : "2216/2",
		"room_name" : "2216/2"
	},
	{
		"id" : "8446aa49-4178-498e-b152-90022d15981d",
		"name" : "1206/1",
		"room_number" : "1206/1",
		"room_name" : "1206/1 (усл)"
	},
	{
		"id" : "1de909cf-062f-499e-886f-14fa679b1592",
		"name" : "1209/1",
		"room_number" : "1209/1",
		"room_name" : "1209/1 (усл)"
	},
	{
		"id" : "a058c454-1b54-44a0-aa30-56527440cc6e"
	},
	{
		"id" : "834eae3d-a8a3-4d62-b6e3-960f41bf644c",
		"name" : "1216/3",
		"room_number" : "1216/3",
		"room_name" : "1216/3 (усл)"
	},
	{
		"id" : "58b3ca5c-88b3-4662-9631-99de259637c3",
		"name" : "1216/2",
		"room_number" : "1216/2",
		"room_name" : "1216/2 (усл)"
	},
	{
		"id" : "97af678e-a62a-42ef-a935-99f259c71ea4"
	},
	{
		"id" : "51566a99-cf22-46c0-b9d1-4478bda14996",
		"name" : "1216/1",
		"room_number" : "1216/1",
		"room_name" : "1216/1 (усл)"
	},
	{
		"id" : "32370c7d-af20-4038-9b63-859a41c430ed",
		"name" : "1223а",
		"room_number" : "1223а",
		"room_name" : "1223а"
	},
	{
		"id" : "f1d7d7bd-5086-4b73-aef1-216ac1bae688"
	},
	{
		"id" : "b9483cf6-53ad-426a-92f7-05e3eeb0f071",
		"name" : "3203",
		"room_number" : "3203",
		"room_name" : "3203"
	},
	{
		"id" : "052f79c3-a385-447f-99ff-be73827a3a1d",
		"name" : "2216/3",
		"room_number" : "2216/3",
		"room_name" : "2216/3"
	},
	{
		"id" : "0c6dcff1-d530-4a2b-a2a6-47fe393560ca"
	},
	{
		"id" : "b75d6946-1ff8-4447-a3b6-86e5c559b423"
	},
	{
		"id" : "d0b0002f-320a-4d74-a4c5-cd4d77a57aa1"
	},
	{
		"id" : "e9c8b98e-98bc-4a40-b58d-821ae7b77da0"
	},
	{
		"id" : "a6eb011c-1153-40e0-8f21-70d918010ffd",
		"name" : "1227/0",
		"room_number" : "1227/0",
		"room_name" : "1227/0 (усл)"
	},
	{
		"id" : "3ce4a1b7-85af-4b7c-b44e-55c3595330f0",
		"name" : "1216а",
		"room_number" : "1216а",
		"room_name" : "1216а"
	},
	{
		"id" : "70bd3993-4212-47f0-b736-05cecf66dcd1"
	},
	{
		"id" : "faa54f04-bda8-4d1d-b69f-b51d3b924c5b"
	},
	{
		"id" : "569d152c-6706-4ed1-bf4d-c284b7a8f817"
	},
	{
		"id" : "80fdd2e0-b62e-46b7-824a-33c4743cc40e"
	},
	{
		"id" : "b9387bbb-d9e2-478d-afc2-39de622879f3"
	},
	{
		"id" : "dd4432f4-4e9d-4eb0-850f-d1e1c525ba19"
	},
	{
		"id" : "48a5a4d0-4353-4d00-8cbb-3d3f934ef940"
	},
	{
		"id" : "494e690e-1cdc-4788-bf99-929f005a69fe"
	},
	{
		"id" : "3a49fdd5-a84d-4760-bf77-ca8c5ffb9b44"
	},
	{
		"id" : "7d0dd4e7-9d44-451d-bde3-3d1c3ec49077",
		"name" : "2 этаж"
	},
	{
		"id" : "189c430e-523b-446e-b0ca-273da7fa52ea",
		"name" : "2 этаж"
	},
	{
		"id" : "ae199041-a3f6-45d4-b450-b612422e29f8",
		"name" : "2 этаж"
	},
	{
		"id" : "23d8521e-ff0f-462b-8cf4-dd1b769b3d5e",
		"name" : "Двор"
	},
	{
		"id" : "63945426-930a-4f04-8519-c685c3042e38",
		"name" : "Двор"
	},
	{
		"id" : "b612136c-bf4e-4ba9-9b9a-6167c95e1d64"
	},
	{
		"id" : "a491d7be-e264-4307-b101-21cb0ab45579",
		"name" : "6 этаж"
	},
	{
		"id" : "f61104ce-4818-4032-95a6-9e5a3eb578a9"
	},
	{
		"id" : "aa26a635-a388-43a1-9479-2b6a488855ec"
	},
	{
		"id" : "299d45ac-47ac-48e5-9572-18cc3658a84a"
	},
	{
		"id" : "28b14e15-ebcf-4d6c-a6d4-ebbd88bb6951"
	},
	{
		"id" : "9f950c12-0b7b-4889-b07a-699e9e9d115f",
		"name" : "6 этаж"
	},
	{
		"id" : "0062f7c2-4bf3-4b75-b786-29fd5c0faeaa"
	},
	{
		"id" : "07fabfa7-708c-49f5-99fc-e8dcc4cf63f7"
	},
	{
		"id" : "185bee3e-38a5-4e10-af18-5c9c3b01950f",
		"name" : "1605",
		"room_number" : "1605",
		"room_name" : "1605а"
	},
	{
		"id" : "de14420a-55de-4274-a74b-1e5324835a4f",
		"name" : "1608",
		"room_number" : "1608",
		"room_name" : "1608"
	},
	{
		"id" : "24979ac1-fec5-492e-ba5c-14cedc057f53",
		"name" : "1611",
		"room_number" : "1611",
		"room_name" : "1611"
	},
	{
		"id" : "4eaff10f-6317-4787-8e2a-71f4ce56d65f",
		"name" : "1609",
		"room_number" : "1609",
		"room_name" : "1609"
	},
	{
		"id" : "9d4bed03-c562-4df0-8be6-6576be57444b",
		"name" : "1602",
		"room_number" : "1602",
		"room_name" : "1602"
	},
	{
		"id" : "58e02296-2d89-4b45-a156-dfcb92b0d506",
		"name" : "1607",
		"room_number" : "1607",
		"room_name" : "1607"
	},
	{
		"id" : "77416ee9-aafd-42ad-8a10-ac6ed38463fb"
	},
	{
		"id" : "5e371cb0-b2ab-4c67-9bfc-7b6b0effc88a",
		"name" : "1615",
		"room_number" : "1615",
		"room_name" : "1615"
	},
	{
		"id" : "7f566193-f788-48b4-bc10-bd11dbf24bbe",
		"name" : "1614",
		"room_number" : "1614",
		"room_name" : "1614"
	},
	{
		"id" : "3785436d-622e-451e-b83d-406f9341c021",
		"name" : "1610",
		"room_number" : "1610",
		"room_name" : "1610"
	},
	{
		"id" : "25cc1d19-be27-4373-833d-35dca8d914d8",
		"name" : "1616",
		"room_number" : "1616",
		"room_name" : "1616"
	},
	{
		"id" : "eeaf7541-e953-4118-adf4-fc4135ef359b"
	},
	{
		"id" : "54db2686-d79c-4309-96d9-5e031d0ba632",
		"name" : "1612б",
		"room_number" : "1612б",
		"room_name" : "1612б (усл)"
	},
	{
		"id" : "bfe8d6bb-2dcb-4d16-9cd1-78c3c9880dad",
		"name" : "1604",
		"room_number" : "1604",
		"room_name" : "1604"
	},
	{
		"id" : "574f45c1-ac27-405e-9a4e-b06261841fb8",
		"name" : "1603",
		"room_number" : "1603",
		"room_name" : "1603"
	},
	{
		"id" : "573e3072-a763-4819-b061-7ca1fbf0a5df",
		"name" : "1606",
		"room_number" : "1606",
		"room_name" : "1606"
	},
	{
		"id" : "9350a21d-fa72-486c-8565-d5632d97d5fa",
		"name" : "1605а",
		"room_number" : "1605а",
		"room_name" : "1605а"
	},
	{
		"id" : "ca378c33-1600-4af4-9a17-6cfd371c8aab",
		"name" : "1613",
		"room_number" : "1613",
		"room_name" : "1613"
	},
	{
		"id" : "b9c06ab8-99c1-4a38-8e68-30d45af02857",
		"name" : "1601",
		"room_number" : "1601",
		"room_name" : "1601"
	},
	{
		"id" : "d4284b5e-f2ca-4d50-b03e-b9812c2e932a",
		"name" : "1606а",
		"room_number" : "1606а",
		"room_name" : "1606а"
	},
	{
		"id" : "7537476f-bf46-4049-a6c6-2f32a365071f",
		"name" : "1614а",
		"room_number" : "1614а",
		"room_name" : "1614а"
	},
	{
		"id" : "b39f985f-e715-4a90-9248-9dd4d586f05e"
	},
	{
		"id" : "33c15b2b-53dd-4ae9-ba48-d2c256613e43"
	},
	{
		"id" : "e447b609-9761-41e8-bd31-f397efc1783b"
	},
	{
		"id" : "e826e123-340c-45c9-b64a-99f58e8c93b6"
	},
	{
		"id" : "118e2fac-1007-47da-a9bb-3f37e10e2d89"
	},
	{
		"id" : "86d1d86c-95ca-46ae-82fa-d968a697ef1f"
	},
	{
		"id" : "e27704ff-fd8a-4060-a1b0-6f9968910a99"
	},
	{
		"id" : "e9f9b24c-b317-4c79-b7dc-079f064eb169"
	},
	{
		"id" : "b7decd52-b276-413e-86e7-23ae7ef5a7ff"
	},
	{
		"id" : "a98cb000-e83d-422c-b774-e41eb9accad1"
	},
	{
		"id" : "c180c52a-284d-4f84-9d56-9ec38d308dc7"
	},
	{
		"id" : "60401f62-ad74-4a75-a866-bbe179976598"
	},
	{
		"id" : "20b04800-c50e-400a-ba29-ef9a6b9e5af9",
		"name" : "3 этаж"
	},
	{
		"id" : "7aeb372b-f69b-485e-a5ef-5d2e60438ecc",
		"name" : "3 этаж"
	},
	{
		"id" : "9e10983b-f4a5-4089-9b08-2b931c9c1bc2"
	},
	{
		"id" : "7e349ec8-3b0c-4e86-997e-ed6b53636908"
	},
	{
		"id" : "bb58d6a5-625d-4c0a-98dc-b93044824689",
		"name" : "3 этаж"
	},
	{
		"id" : "401eed58-c5b1-4fa9-9d1b-d38d3f7ed600"
	},
	{
		"id" : "6a919a85-3312-48e5-ae2b-80e878d7cb2f",
		"name" : "3 этаж"
	},
	{
		"id" : "3b734723-8f7b-472c-b6bc-833f8e7f22e8",
		"name" : "3 этаж"
	},
	{
		"id" : "e03abbbf-fc30-4bd9-a624-b4dee607724e"
	},
	{
		"id" : "ccb904e8-cea5-4077-a788-d9ea29677421"
	},
	{
		"id" : "170902cc-b632-4ed0-b3ce-830db35cad29",
		"name" : "1303/12",
		"room_number" : "1303/12",
		"room_name" : "1303/12"
	},
	{
		"id" : "21b39c9e-1b7d-416a-86db-baca2db899f4"
	},
	{
		"id" : "2a418eae-9c8e-4a9b-b0a1-f648df1386a3",
		"name" : "2318",
		"room_number" : "2318",
		"room_name" : "2318"
	},
	{
		"id" : "4c3f52fc-19a9-45b4-b0e6-7e810a25754f",
		"name" : "Коворкинг",
		"room_number" : "1303",
		"room_name" : "1303"
	},
	{
		"id" : "4e569113-6f93-4a08-8f72-f9575cc1f973",
		"name" : "2321",
		"room_number" : "2321",
		"room_name" : "2321"
	},
	{
		"id" : "6b0e41e3-c854-451f-a5b5-cf83b79364e4",
		"name" : "2313",
		"room_number" : "2313",
		"room_name" : "2313"
	},
	{
		"id" : "c8244110-b89c-446e-a56d-6822c2fa5e2a",
		"name" : "2320",
		"room_number" : "2320",
		"room_name" : "2320"
	},
	{
		"id" : "b85de2a2-4882-474a-bb85-e392f176d12a",
		"name" : "2314",
		"room_number" : "2314",
		"room_name" : "2314"
	},
	{
		"id" : "e49a4199-03f2-4f7d-aff7-5a620492500c",
		"name" : "Медиазона",
		"room_number" : "1303/8",
		"room_name" : "1303/8"
	},
	{
		"id" : "06071410-4a42-4d2e-9b34-3500bbc7a7d2"
	},
	{
		"id" : "c4e898ff-88fa-4077-8490-726bce0a2271",
		"name" : "1310",
		"room_number" : "1310",
		"room_name" : "1310"
	},
	{
		"id" : "44056304-83fe-43f3-b7b6-dec18784ea31"
	},
	{
		"id" : "f022c80f-5e84-4b4d-8b75-86b287030b55",
		"name" : "1303/13",
		"room_number" : "1303/13",
		"room_name" : "1303/13"
	},
	{
		"id" : "6e411c3c-1ba0-4eaf-b374-81a022a4b4eb"
	},
	{
		"id" : "62d7622f-edfb-446e-b829-fb90cffc6d8f",
		"name" : "2319",
		"room_number" : "2319",
		"room_name" : "2319"
	},
	{
		"id" : "afdb93ad-7e15-4891-9f4b-94b2767f96af",
		"name" : "1317",
		"room_number" : "1317",
		"room_name" : "1317"
	},
	{
		"id" : "b0043ac0-fbeb-4b38-91f1-bda739f61a41",
		"name" : "2323",
		"room_number" : "2323",
		"room_name" : "2323"
	},
	{
		"id" : "1b142105-55ca-4036-abd6-1fdc0407c62d",
		"name" : "2322",
		"room_number" : "2322",
		"room_name" : "2322"
	},
	{
		"id" : "aa1425e4-9075-4c9a-a212-7470b3932253"
	},
	{
		"id" : "2ef39d26-7c56-4ff1-96b8-fba184dc16fc"
	},
	{
		"id" : "19a32969-8fce-4f73-963f-d76cd2a26e63",
		"name" : "1314",
		"room_number" : "1314",
		"room_name" : "1314"
	},
	{
		"id" : "25714d54-a8ca-4684-bba9-8c638b37acf2"
	},
	{
		"id" : "1f542e74-17f3-4d5e-8760-0664d66368de",
		"name" : "1319",
		"room_number" : "1319",
		"room_name" : "1319"
	},
	{
		"id" : "54f5d0ab-f8d5-4156-978c-e3dd4494bc51",
		"name" : "2324",
		"room_number" : "2324",
		"room_name" : "2324"
	},
	{
		"id" : "16019b65-4952-41ad-8924-040b37cdabdd"
	},
	{
		"id" : "ab466b54-78ff-4eea-b626-b954ea9d6934"
	},
	{
		"id" : "ae7eafd1-68c5-4ad8-bf03-ddd1001db7bd",
		"name" : "1303/9",
		"room_number" : "1303/9",
		"room_name" : "1303/9"
	},
	{
		"id" : "9a483ccc-95cd-4e14-82b7-ec996e8a75e7",
		"name" : "2316",
		"room_number" : "2316",
		"room_name" : "2316"
	},
	{
		"id" : "a4699a89-e3f6-4b16-b535-994f1dc434bf"
	},
	{
		"id" : "8857e40b-8800-4f52-b803-9443d0737d37"
	},
	{
		"id" : "61ab2598-b1a2-430a-81e7-c12ac60d3be1",
		"name" : "1309",
		"room_number" : "1309",
		"room_name" : "1309"
	},
	{
		"id" : "3d37b214-dd72-4d8b-83c1-f9d8be6e82bc"
	},
	{
		"id" : "252170d3-afc1-4abc-be24-7ed9928e22ef"
	},
	{
		"id" : "a8394251-0ab9-4bc9-9b8d-95bc44ca02bd",
		"name" : "1318",
		"room_number" : "1318",
		"room_name" : "1318"
	},
	{
		"id" : "45058ba5-f9f8-4156-9358-8ead3a170df8"
	},
	{
		"id" : "bc3f6569-c084-4440-96f6-ba79048ff6fb"
	},
	{
		"id" : "5de4926e-c150-41f2-be31-7fd7ef60f9e1",
		"name" : "1303/11",
		"room_number" : "1303/11",
		"room_name" : "1303/11"
	},
	{
		"id" : "f375f6f7-c1ef-4d60-ba9f-3c174fb639a8",
		"name" : "1312",
		"room_number" : "1312",
		"room_name" : "1312"
	},
	{
		"id" : "ae6efd6e-170a-4a5c-a3f7-91fb9f0cc466"
	},
	{
		"id" : "70818cde-50b4-4089-873e-66991fe0e913"
	},
	{
		"id" : "09d4b31f-51b4-4132-88d5-6be56ec183df",
		"name" : "1315",
		"room_number" : "1315",
		"room_name" : "1315"
	},
	{
		"id" : "f310b67d-09c8-420a-9659-ff34bf637b93",
		"name" : "2315",
		"room_number" : "2315",
		"room_name" : "2315"
	},
	{
		"id" : "9289912a-adcc-4bd5-b2ea-63d7106439e5"
	},
	{
		"id" : "6d065284-cecf-4063-86fd-5ba5fdfa7301"
	},
	{
		"id" : "f408078f-9fe8-482a-9661-9e1d289e37f4",
		"name" : "Переговорная 7",
		"room_number" : "1303/7",
		"room_name" : "1303/7"
	},
	{
		"id" : "a534b87b-da72-4b01-8cd3-a1406560ef86"
	},
	{
		"id" : "d7652314-787d-4698-b4b0-4a98091ddb1d"
	},
	{
		"id" : "366b9f44-2e71-40f5-9d10-74ece0da6025"
	},
	{
		"id" : "feec5cab-2eed-499a-9c15-7336883922b2",
		"name" : "Переговорная 3",
		"room_number" : "1303/3",
		"room_name" : "1303/3"
	},
	{
		"id" : "8245e387-e23b-4a79-9375-3817641ad0d8"
	},
	{
		"id" : "b0435166-7727-4dc1-91a0-3b6e743f9b46",
		"name" : "Переговорная 6",
		"room_number" : "1303/6",
		"room_name" : "1303/6"
	},
	{
		"id" : "40875e46-dc79-4990-9ef8-43c2c0c8127d"
	},
	{
		"id" : "cd3b3646-a316-4dde-be30-5c748f77cfc6",
		"name" : "Переговорная 5",
		"room_number" : "1303/5",
		"room_name" : "1303/5"
	},
	{
		"id" : "6cdbe1d9-4c48-4534-8025-922f34ce545c"
	},
	{
		"id" : "5b38d1e7-5758-42a2-a5d8-a736ad2724bf",
		"name" : "Переговорная 1",
		"room_number" : "1303/1",
		"room_name" : "1303/1"
	},
	{
		"id" : "4c2da112-a8bc-4d41-b89e-e2cae703628e",
		"name" : "2317",
		"room_number" : "2317",
		"room_name" : "2317"
	},
	{
		"id" : "edf9b323-a08f-4d2f-83af-48400760bc45"
	},
	{
		"id" : "642e68ec-45af-4177-bc6b-41b1075ef631"
	},
	{
		"id" : "a3b2c2c1-7a9b-4c2c-82d4-07c21cd05371",
		"name" : "Переговорная 4",
		"room_number" : "1303/4",
		"room_name" : "1303/4"
	},
	{
		"id" : "0117844b-4a0e-49ed-a43b-f8fbf581b60e"
	},
	{
		"id" : "d60fbb74-b141-450d-b05b-0470b918f2f2"
	},
	{
		"id" : "e800d96b-a943-46a2-8040-16e2303cda5a",
		"name" : "1303/10",
		"room_number" : "1303/10",
		"room_name" : "1303/10"
	},
	{
		"id" : "038dd3a6-7636-47ee-9c22-81abffa5c546"
	},
	{
		"id" : "62a50d90-55c1-42c0-b706-689f7d415570"
	},
	{
		"id" : "29d64868-ccad-456d-92fe-8b0e0a6ec8f6",
		"name" : "5 этаж"
	},
	{
		"id" : "12e4088c-d783-4a33-8dab-b97f67c7cf9d",
		"name" : "5 этаж"
	},
	{
		"id" : "25d00c11-0c48-4125-b558-38d0035b1aeb"
	},
	{
		"id" : "0acdd342-7040-40aa-8c2e-58587a5811bb",
		"name" : "2530",
		"room_number" : "2530",
		"room_name" : "2530"
	},
	{
		"id" : "5a77c2f9-d232-474f-a114-205677fe0533",
		"name" : "2520/1",
		"room_number" : "2520/1",
		"room_name" : "2520/1"
	},
	{
		"id" : "8e92cc50-9d3e-4cfb-a93e-e9296b2cce42",
		"name" : "2532",
		"room_number" : "2532",
		"room_name" : "2532"
	},
	{
		"id" : "6fc97185-afd5-4e07-9f3e-e1d91ef369cd",
		"name" : "2523",
		"room_number" : "2523",
		"room_name" : "2523"
	},
	{
		"id" : "ce8d3f98-d0dc-458a-aaef-479ad1733c5f",
		"name" : "2534",
		"room_number" : "2534",
		"room_name" : "2534"
	},
	{
		"id" : "97ea29e3-dbde-4936-9053-b0286fac4069",
		"name" : "2526",
		"room_number" : "2526",
		"room_name" : "2526"
	},
	{
		"id" : "404e369a-13fe-405c-9782-5f967e10e4e5",
		"name" : "2537",
		"room_number" : "2537",
		"room_name" : "2537"
	},
	{
		"id" : "404c941d-193d-40e7-a59c-186aa68b7c79",
		"name" : "2521",
		"room_number" : "2521",
		"room_name" : "2521"
	},
	{
		"id" : "cd5e8a5f-f00f-4366-9332-fe478044ebfe",
		"name" : "2531",
		"room_number" : "2531",
		"room_name" : "2531"
	},
	{
		"id" : "facc723b-88b3-4eb1-8722-30a0b70b67dc",
		"name" : "2535",
		"room_number" : "2535",
		"room_name" : "2535"
	},
	{
		"id" : "3df772b0-b138-4bcc-984b-1fa37a4ebe73",
		"name" : "2536",
		"room_number" : "2536",
		"room_name" : "2536"
	},
	{
		"id" : "f5bd320d-fa3d-4c55-9e35-ffcbfa3cbf48",
		"name" : "2524",
		"room_number" : "2524",
		"room_name" : "2524"
	},
	{
		"id" : "89b967e7-81a9-4b87-9f95-b89b381ca1bc",
		"name" : "2522",
		"room_number" : "2522",
		"room_name" : "2522"
	},
	{
		"id" : "4ba2e2ac-1db5-4792-9d99-17bf912a6ed1",
		"name" : "2528",
		"room_number" : "2528",
		"room_name" : "2528"
	},
	{
		"id" : "fe91e878-8ac1-467f-a36d-31724cba86e2",
		"name" : "2527",
		"room_number" : "2527",
		"room_name" : "2527"
	},
	{
		"id" : "54305707-a2c7-4ae5-9ddf-b765742ff7ec",
		"name" : "2529",
		"room_number" : "2529",
		"room_name" : "2529"
	},
	{
		"id" : "d45389d9-e421-43ca-a857-fc88c81825f2",
		"name" : "2533",
		"room_number" : "2533",
		"room_name" : "2533"
	},
	{
		"id" : "6e012285-2300-43bb-90e4-d9f372062147"
	},
	{
		"id" : "85b00d8f-9aaf-4b46-b028-99f0200db9b3",
		"name" : "2525",
		"room_number" : "2525",
		"room_name" : "2525"
	}
]