[
	{
		"id" : "c22b9c67-5d7b-4c76-885d-23b6314bc957",
		"name" : "1 этаж"
	},
	{
		"id" : "2355d319-1bd7-4ca8-9c00-0a2e5a78bb19",
		"name" : "1100",
		"room_number" : "1100",
		"room_name" : "1100"
	},
	{
		"id" : "e74f5e4a-df4b-489c-a36b-9dd40cc7ceab"
	},
	{
		"id" : "c3e79087-14dd-402e-b3cb-bcc34a8b5c3c",
		"name" : "1 этаж"
	},
	{
		"id" : "f411a176-174f-4944-87fb-3226adf3a957",
		"name" : "1 этаж"
	},
	{
		"id" : "2c53175f-ac42-4e8b-8bec-5e80f058ca1f",
		"name" : "1103/3",
		"room_number" : "1103/3",
		"room_name" : "1103/3"
	},
	{
		"id" : "4ff5f7ef-405f-4ccf-8f79-5dcdc2fa635e"
	},
	{
		"id" : "0bed07dd-b989-4ac2-a2bc-6389e00c2725",
		"name" : "1103",
		"room_number" : "1103",
		"room_name" : "1103"
	},
	{
		"id" : "f3bce7f1-9782-4933-97fc-f8aac2883cd4",
		"name" : "1 этаж"
	},
	{
		"id" : "42bb1eb3-d55b-4147-a623-4e6bc4f59eea",
		"name" : "1 этаж"
	},
	{
		"id" : "39546332-4968-416c-a70f-ad0d9954dc86",
		"name" : "1 этаж"
	},
	{
		"id" : "eb6c73db-6f48-4a5e-9659-ba5789a5d2d9",
		"name" : "1 этаж"
	},
	{
		"id" : "c2c76f18-6f4b-43be-a18d-97d6f4138555"
	},
	{
		"id" : "22af3a5c-20f0-4758-8388-c4002b76595d",
		"name" : "Столовая",
		"room_number" : "1110",
		"room_name" : "1110 (бывш. 159)"
	},
	{
		"id" : "0a335f92-7a87-4cf0-a542-169f0d0215d8",
		"name" : "1111",
		"room_number" : "1111",
		"room_name" : "1111 (бывш. 159а)"
	},
	{
		"id" : "0c7d11c7-4435-4694-9e64-295e8e9dc08a",
		"name" : "1101",
		"room_number" : "1101",
		"room_name" : "1101"
	},
	{
		"id" : "beb12b0d-7554-4b87-ab22-2a2b2043458c"
	},
	{
		"id" : "8d78e218-7f3b-4f54-8cdd-904ae980a05c",
		"name" : "1112",
		"room_number" : "1112",
		"room_name" : "1112 (бывш. 190)"
	},
	{
		"id" : "2fa5dc0c-6e3e-43cf-843b-249b11d6d311",
		"name" : "Туалет",
		"room_number" : "Туалет",
		"room_name" : "Туалет"
	},
	{
		"id" : "d0a5ee66-2cdb-419f-bcf0-12b71b2e41b5",
		"name" : "1104",
		"room_number" : "1104",
		"room_name" : "1104"
	},
	{
		"id" : "c39edc98-1ac4-4639-ac09-e7942a9c2f5c",
		"name" : "1105/1",
		"room_number" : "1105/1",
		"room_name" : "1105/1"
	},
	{
		"id" : "2ab74443-2f5f-4ffe-bfa9-5eadb8cbccae",
		"name" : "1107",
		"room_number" : "1107",
		"room_name" : "1107"
	},
	{
		"id" : "39632c90-acbf-4839-a662-c43c00be6912",
		"name" : "1106",
		"room_number" : "1106",
		"room_name" : "1106"
	},
	{
		"id" : "429b49af-b389-4544-8c28-84ddb95fb58b"
	},
	{
		"id" : "e22df8c3-4d98-4998-868e-cb8620867405"
	},
	{
		"id" : "3e57b928-d403-48da-861d-9fc71c3075bf"
	},
	{
		"id" : "bfa6822f-b65a-4f71-9538-e79902abd29e",
		"name" : "1109/2",
		"room_number" : "1109/2",
		"room_name" : "1109/2"
	},
	{
		"id" : "8c36b68e-00e2-48f1-896e-066f80df30ef",
		"name" : "1108",
		"room_number" : "1108",
		"room_name" : "1108"
	},
	{
		"id" : "fdcffe90-54e1-4c01-b1b0-b9535a5ec9a4",
		"name" : "1102",
		"room_number" : "1102",
		"room_name" : "1102"
	},
	{
		"id" : "a32085e7-7bfc-4718-8796-ae4c36f289f9",
		"name" : "1108/2",
		"room_number" : "1108/2",
		"room_name" : "1108/2"
	},
	{
		"id" : "bbd51137-13f6-40b4-a53c-5464e8a8145b"
	},
	{
		"id" : "fabde9e9-2933-4b4e-aaea-3b70a0fa5f39"
	},
	{
		"id" : "010ef9eb-befa-4c45-8566-028b4948e586"
	},
	{
		"id" : "5fb193b7-2043-4909-9e7e-94e54990947b"
	},
	{
		"id" : "4b75d5e1-9ba8-47fa-a49d-1f5aa2eec213"
	},
	{
		"id" : "e98c4f73-6775-4a87-aa67-8ae088614ae7"
	},
	{
		"id" : "4ea2cc40-f0fb-44e6-9222-8fbe58ea3b63",
		"name" : "1109/1",
		"room_number" : "1109/1",
		"room_name" : "1109/1"
	},
	{
		"id" : "0e6a6b9b-7a94-41cb-b7c4-5c651b47ed1e"
	},
	{
		"id" : "33d9a115-8f5d-4fe4-9637-3b88b2964dad"
	},
	{
		"id" : "0a4d22da-d91f-4789-a809-c4a282d1a5e2"
	},
	{
		"id" : "ae784069-094a-4572-ac5f-2ae7289406f6"
	},
	{
		"id" : "91cda0d7-9550-4c1a-9cdc-9436a7845ddc",
		"name" : "Туалет",
		"room_number" : "Туалет",
		"room_name" : "Туалет"
	},
	{
		"id" : "49b1615c-c387-4aad-9167-1a0b8a03a808",
		"name" : "1105/2",
		"room_number" : "1105/2",
		"room_name" : "1105/2"
	},
	{
		"id" : "96f858d5-2f41-4f75-9287-6a2b086ccab9",
		"name" : "1103/1",
		"room_number" : "1103/1",
		"room_name" : "1103/1"
	},
	{
		"id" : "d8e31ad0-2d37-4926-9625-a52ef1888e12"
	},
	{
		"id" : "696467d8-a34c-429a-95e5-a6872cd118bc",
		"name" : "1105/3",
		"room_number" : "1105/3",
		"room_name" : "1105/3"
	},
	{
		"id" : "ea83b146-b6d3-4bf3-acfa-97336dab7292"
	},
	{
		"id" : "04627617-9927-4a20-b5f9-c777c72c77d9",
		"name" : "1109",
		"room_number" : "1109",
		"room_name" : "1109"
	},
	{
		"id" : "621c6762-e340-47e4-97ac-9eb3c01c2ea6"
	},
	{
		"id" : "3c2f6957-8add-4de5-8f7d-14b9af040519"
	},
	{
		"id" : "20509995-086b-470a-a1bc-1d2c52c1568e"
	},
	{
		"id" : "e7dbe08b-0acd-4c21-98a8-c9ec4e101d2a",
		"name" : "1103/2",
		"room_number" : "1103/2",
		"room_name" : "1103/2"
	},
	{
		"id" : "b3dc44ab-2c54-4e75-98bf-51c900bf3702"
	},
	{
		"id" : "c9df106b-2270-4077-8b0b-f8bc537e9a94"
	},
	{
		"id" : "829018a4-6554-49aa-851c-b855db2c3e81"
	},
	{
		"id" : "7107fad2-e012-4b88-85ef-d4ccdb138a0b"
	},
	{
		"id" : "14dfd7d1-3629-45ff-bb9c-6cd09016dfa5"
	},
	{
		"id" : "641c5b12-cc85-477c-b493-031f08ab2856"
	},
	{
		"id" : "c2b7dc7b-0007-439a-b647-ca183dd2b52d"
	},
	{
		"id" : "c6b09e82-06a1-4916-979b-7009f93a4cdc"
	},
	{
		"id" : "3a4374fb-3490-45cf-972c-45b62451eec7"
	},
	{
		"id" : "e5ba723e-58ef-48e8-99ff-b8ce364eb117"
	},
	{
		"id" : "316ab920-2252-4220-9297-95904c82b93a",
		"name" : "1 этаж"
	},
	{
		"id" : "83ff1352-862c-4cdb-a8e1-bc1fa11f09b5",
		"name" : "2 этаж"
	},
	{
		"id" : "06966424-b78e-401d-8f63-627510190744"
	},
	{
		"id" : "a7951a06-7b14-4e6f-b084-f18f9e75b79b",
		"name" : "2 этаж"
	},
	{
		"id" : "52ad5742-72fb-4c99-9b98-a0d97c85ee1a",
		"name" : "2 этаж"
	},
	{
		"id" : "8a21ed67-3056-4189-99e8-00651f3a1d85",
		"name" : "2 этаж"
	},
	{
		"id" : "df65686f-f179-400f-aaf9-0fc736fde2da"
	},
	{
		"id" : "38757682-4dd5-42fb-8343-7d3ec26861f2"
	},
	{
		"id" : "e6c973d8-a096-4ea0-8f7a-a78a54f043b5"
	},
	{
		"id" : "d6cbc51b-6841-4827-8681-8c4f0cff24bb",
		"name" : "2207/1",
		"room_number" : "2207/1",
		"room_name" : "2207/1 (бывш. 203-1 (усл))"
	},
	{
		"id" : "6afcee3f-de72-4d2f-abef-3b81de6923df",
		"name" : "2201",
		"room_number" : "2201",
		"room_name" : "2201 (бывш. 206)"
	},
	{
		"id" : "d294d0f9-e1fa-420b-9d9d-86d2115b8c16",
		"name" : "2209/2",
		"room_number" : "2209/2",
		"room_name" : "2209/2"
	},
	{
		"id" : "2d7e0524-90f7-48ba-a913-308bc3b1c9e7",
		"name" : "2207/2",
		"room_number" : "2207/2",
		"room_name" : "2207/2 (бывш. 203-2 (усл))"
	},
	{
		"id" : "6e5b8624-6b90-48bd-b142-7048b2bfdd37",
		"name" : "2220",
		"room_number" : "2220",
		"room_name" : "2220 (бывш. 213)"
	},
	{
		"id" : "e7e0b24d-00b8-4c93-89e9-18be0b69c3f9",
		"name" : "2209/1",
		"room_number" : "2209/1",
		"room_name" : "2209/1"
	},
	{
		"id" : "b497cda5-37da-4025-a0ec-6ab0f9e43a9f",
		"name" : "2212",
		"room_number" : "2212",
		"room_name" : "2212 (бывш. 207)"
	},
	{
		"id" : "8d659cab-cd2b-4073-b655-01f85fc84d8a",
		"name" : "2208",
		"room_number" : "2208",
		"room_name" : "2208 (бывш. 202)"
	},
	{
		"id" : "b18de285-38eb-4e9f-86b6-212c5064f10c",
		"name" : "2206",
		"room_number" : "2206",
		"room_name" : "2206 (бывш. 203а)"
	},
	{
		"id" : "0f1562b5-6156-4a11-975f-bcb68ba39161",
		"name" : "2204",
		"room_number" : "2204",
		"room_name" : "2204 (бывш. 202а)"
	},
	{
		"id" : "283e23fa-132d-4b5c-82bf-e4acaac4e466",
		"name" : "2224",
		"room_number" : "2224",
		"room_name" : "2224 (бывш. 216)"
	},
	{
		"id" : "941a0ae8-34b1-47c6-b9db-af6eefa367e8",
		"name" : "2222",
		"room_number" : "2222",
		"room_name" : "2222 (бывш. 215)"
	},
	{
		"id" : "c8813b0a-14ad-4c3b-a5a4-182bab9c9e03",
		"name" : "2207/3",
		"room_number" : "2207/3",
		"room_name" : "2207/3 (бывш. 203-3 (усл))"
	},
	{
		"id" : "979e96b4-77de-4777-b6fc-3bcc68b00f57",
		"name" : "2219",
		"room_number" : "2219",
		"room_name" : "2219 (бывш. 210а)"
	},
	{
		"id" : "faff1075-54b7-4703-b0e1-d6ea553318c5",
		"name" : "2215",
		"room_number" : "2215",
		"room_name" : "2215 (бывш. 209a)"
	},
	{
		"id" : "d3b2d604-df9b-4f6e-bf4d-c68462a43cad",
		"name" : "2223",
		"room_number" : "2223",
		"room_name" : "2223 (бывш. 212a)"
	},
	{
		"id" : "71c9b635-d77e-4aff-b964-5f168076958c",
		"name" : "2214",
		"room_number" : "2214",
		"room_name" : "2214 (бывш. 208)"
	},
	{
		"id" : "5e5f70c8-3cad-488e-be5d-a4d6ebbfbbec",
		"name" : "2218/2",
		"room_number" : "2218/2",
		"room_name" : "2218/2 (бывш. 211б)"
	},
	{
		"id" : "f3998847-b9ff-40dc-b3c8-050fe26cbb25",
		"name" : "2221/2",
		"room_number" : "2221/2",
		"room_name" : "2221/2 (бывш. 212/2)"
	},
	{
		"id" : "dbe619dc-929b-4e2a-92b2-3b067a6df610",
		"name" : "2202/3",
		"room_number" : "2202/3",
		"room_name" : "2202/3 (бывш. 205/3 (усл))"
	},
	{
		"id" : "4ca86452-c267-423c-8631-a29fc1fcf692",
		"name" : "2213",
		"room_number" : "2213",
		"room_name" : "2213 (бывш. 204)"
	},
	{
		"id" : "636f89d0-1913-4993-8f4b-4b6460d41488",
		"name" : "2203/1",
		"room_number" : "2203/1",
		"room_name" : "2203/1 (бывш. 205/6 (усл))"
	},
	{
		"id" : "2381fc81-2c45-45b5-abf6-5a60137b99ea",
		"name" : "2205",
		"room_number" : "2205",
		"room_name" : "2205 (бывш. 202б)"
	},
	{
		"id" : "85558043-34a4-4aa0-85e5-2f7fd1f896b7",
		"name" : "2207/4",
		"room_number" : "2207/4",
		"room_name" : "2207/4 (бывш. 203-4 (усл))"
	},
	{
		"id" : "fda4c04d-1cf3-4298-bde6-32368c8f4ded",
		"name" : "2202/4",
		"room_number" : "2202/4",
		"room_name" : "2202/4 (бывш. 205/2 (усл))"
	},
	{
		"id" : "6aec7893-e82a-41f9-a442-6d4adfe17368",
		"name" : "2216",
		"room_number" : "2216",
		"room_name" : "2216 (бывш. 209)"
	},
	{
		"id" : "c1a53ddc-3df5-4281-8d99-23ec3be9f7d8"
	},
	{
		"id" : "2ec4ff8f-2941-4ae5-bf42-33c565e172f9",
		"name" : "2202/2",
		"room_number" : "2202/2",
		"room_name" : "2202/2 (бывш. 205/5 (усл))"
	},
	{
		"id" : "93ee98e5-147f-4a71-9a9f-8c466c7e9f78",
		"name" : "2218",
		"room_number" : "2218",
		"room_name" : "2218 (бывш. 211)"
	},
	{
		"id" : "a745bfa5-f7ba-4d5b-9098-ccdac364e99d"
	},
	{
		"id" : "d27a212b-2ad4-4a4c-b530-91291a1489f6",
		"name" : "2221/1",
		"room_number" : "2221/1",
		"room_name" : "2221/1 (бывш. 212/1)"
	},
	{
		"id" : "6c94afaa-0dc7-4950-b836-0cbb9d404128",
		"name" : "2202/1",
		"room_number" : "2202/1",
		"room_name" : "2202/1 (бывш. 205/4 (усл))"
	},
	{
		"id" : "14b3361f-b6a7-45d6-a0f7-23a75d8d11c9",
		"name" : "2217",
		"room_number" : "2217",
		"room_name" : "2217 (бывш. 210)"
	},
	{
		"id" : "23c6b14b-a2cb-428b-8278-b3bf90e9ae08",
		"name" : "2211",
		"room_number" : "2211",
		"room_name" : "2211 (бывш. 202в)"
	},
	{
		"id" : "0ac104d2-5eef-42dc-b381-1dd7834f4b18",
		"name" : "2202",
		"room_number" : "2202",
		"room_name" : "2202 (бывш. 205/1 (усл))"
	},
	{
		"id" : "ab2a9559-aa35-41e4-855f-a1980e963a14"
	},
	{
		"id" : "825071fb-d299-468d-8456-fa05f94e0728",
		"name" : "2218/3",
		"room_number" : "2218/3",
		"room_name" : "2218/3 (бывш. 211в)"
	},
	{
		"id" : "d0386c60-f3a4-4bdb-9340-a36eaa786144",
		"name" : "2210",
		"room_number" : "2210",
		"room_name" : "2210 (бывш. 202г)"
	},
	{
		"id" : "22fd2f0f-71ca-438b-9389-478adb21ace7",
		"name" : "2203",
		"room_number" : "2203",
		"room_name" : "2203 (бывш. 205/7 (усл))"
	},
	{
		"id" : "b8eda0f2-eb6e-4a7a-9994-70ca03e27473",
		"name" : "2221/3",
		"room_number" : "2221/3",
		"room_name" : "2221/3 (бывш. 212/3)"
	},
	{
		"id" : "6117cb58-2b28-434e-85bd-a009f2f02cfe"
	},
	{
		"id" : "6388a71c-03b6-45b1-91c4-c7204fde19a4"
	},
	{
		"id" : "8bf39e76-a4d7-412b-a862-a5e36d582b82",
		"name" : "2 этаж"
	},
	{
		"id" : "7ac3484f-d144-430d-b993-63f98c034e83",
		"name" : "5 этаж"
	},
	{
		"id" : "9bbe8c52-2f08-4bca-8266-711a99331868",
		"name" : "5 этаж"
	},
	{
		"id" : "6805ce12-de0a-4083-871f-34d8a4154625"
	},
	{
		"id" : "e2484338-61ce-42f4-a11e-b6f813552f29",
		"name" : "5 этаж"
	},
	{
		"id" : "170c17df-d629-4e30-b6f0-29c269457c84"
	},
	{
		"id" : "9815d86c-a7da-4c53-a61d-a709bc6d109b"
	},
	{
		"id" : "de6c48cb-51a3-4e89-b01e-1e101381c6df",
		"name" : "2502",
		"room_number" : "2502",
		"room_name" : "2502 (бывш. 502)"
	},
	{
		"id" : "0485a069-809e-482e-afa0-8c05efb38e0a"
	},
	{
		"id" : "43fe396b-e2a6-4fd1-a887-34b2e5e59c3f"
	},
	{
		"id" : "2d9091cd-c236-452d-8486-7526d4039879"
	},
	{
		"id" : "dae3a7bd-a163-4f9d-afef-82a90b91d659"
	},
	{
		"id" : "47557d6a-1093-4959-832d-acdf0bd98d2b"
	},
	{
		"id" : "db9a01da-9186-435e-9e30-9dfead9ff39c"
	},
	{
		"id" : "e06753f4-6878-4355-aa10-95310a44083a"
	},
	{
		"id" : "8cd69082-1ec2-482e-92d9-db1950c92d87",
		"name" : "Коворкинг",
		"room_number" : "1300",
		"room_name" : "1300 (бывш. 355)"
	},
	{
		"id" : "d370395d-4414-4c6b-93d8-7c9d7a93cf7d"
	},
	{
		"id" : "5ad2dc83-be42-421f-97f3-69b14f8abfe4",
		"name" : "3 этаж"
	},
	{
		"id" : "715df2b9-66f9-41d0-808d-95b3e26cdea4"
	},
	{
		"id" : "13478c55-d610-4969-a996-3597734416e7"
	},
	{
		"id" : "ce75d13e-29aa-43f8-b9d7-0ca00a60f9b3"
	},
	{
		"id" : "aaba5fff-1bba-4092-a541-98e05239f164"
	},
	{
		"id" : "b962758d-72e7-4f85-996b-5fd9492e4ac0"
	},
	{
		"id" : "8f5c59a5-5f77-4e02-b956-ff25da489c43"
	},
	{
		"id" : "fa4f54a5-910a-4a57-8ec7-bb7a84c04f47",
		"name" : "1317",
		"room_number" : "1317",
		"room_name" : "1317 (бывш. 360а)"
	},
	{
		"id" : "4289defd-e889-49fa-97aa-a18553a36d06"
	},
	{
		"id" : "6a5928da-9226-448f-b1d4-2cda2a246625",
		"name" : "1304",
		"room_number" : "1304",
		"room_name" : "1304 (бывш. 355/10)"
	},
	{
		"id" : "01e3c29b-80d2-4974-9dbb-8665c9c7b078",
		"name" : "3 этаж"
	},
	{
		"id" : "9745d54b-bd48-43cb-a6d1-6e51aa978961",
		"name" : "3 этаж"
	},
	{
		"id" : "c2381ad0-7b5c-42be-ba7f-5d0a25827f0f",
		"name" : "2304",
		"room_number" : "2304",
		"room_name" : "2304 (бывш. 302)"
	},
	{
		"id" : "41b94b45-d17e-47bd-9a59-8053414305d4",
		"name" : "2342",
		"room_number" : "2342",
		"room_name" : "2342 (бывш. 331)"
	},
	{
		"id" : "88a20720-aa50-4c40-82a7-ce354e574b38",
		"name" : "2337",
		"room_number" : "2337",
		"room_name" : "2337 (бывш. 332)"
	},
	{
		"id" : "8bb8a036-6449-4b39-906c-b3a65aa9ba58",
		"name" : "1309",
		"room_number" : "1309",
		"room_name" : "1309 (бывш. 355/2)"
	},
	{
		"id" : "9ae441f2-5dcc-40fe-81a9-f283110346f2",
		"name" : "1316",
		"room_number" : "1316",
		"room_name" : "1316 (бывш. 359)"
	},
	{
		"id" : "7508ebeb-ed04-46c4-9d1b-bfe586da103e",
		"name" : "1320",
		"room_number" : "1320",
		"room_name" : "1320 (бывш. 365)"
	},
	{
		"id" : "d31fce88-4e5f-4b49-8a22-db8b95d260d8",
		"name" : "1310",
		"room_number" : "1310",
		"room_name" : "1310 (бывш. 355/1)"
	},
	{
		"id" : "1d4b209f-0df8-4643-b180-8bee834df334",
		"name" : "1327",
		"room_number" : "1327",
		"room_name" : "1327 (бывш. 372)"
	},
	{
		"id" : "65aa6345-5703-4fc2-9775-a5c7b8cde14f",
		"name" : "2301",
		"room_number" : "2301",
		"room_name" : "2301 (бывш. 308)"
	},
	{
		"id" : "98fd4023-eae2-40fe-9ead-d18b7f83fcd4",
		"name" : "1330",
		"room_number" : "1330",
		"room_name" : "1330 (бывш. 375)"
	},
	{
		"id" : "722043c8-7440-4aaa-803a-bdf07d100564",
		"name" : "1302",
		"room_number" : "1302",
		"room_name" : "1302 (бывш. 355/12)"
	},
	{
		"id" : "37d7bff6-448e-4000-9c4a-e6dea65a318e",
		"name" : "2341",
		"room_number" : "2341",
		"room_name" : "2341 (бывш. 328)"
	},
	{
		"id" : "32d1e5f3-f90a-4cac-8140-5c3d00b6abaf",
		"name" : "2332",
		"room_number" : "2332",
		"room_name" : "2332 (бывш. 324)"
	},
	{
		"id" : "3bcce4c5-0b80-4e4a-afb2-ca088f88251e",
		"name" : "2308",
		"room_number" : "2308",
		"room_name" : "2308 (бывш. 306)"
	},
	{
		"id" : "9f8c69f3-6634-4cbb-9c23-41427d55d14b",
		"name" : "2313",
		"room_number" : "2313",
		"room_name" : "2313 (бывш. 315)"
	},
	{
		"id" : "94e87242-154a-4f3a-99f6-56540534eb30",
		"name" : "1338",
		"room_number" : "1338",
		"room_name" : "1338 (бывш. 381)"
	},
	{
		"id" : "49407abc-c895-432b-8f7a-85294963295b",
		"name" : "2306/1",
		"room_number" : "2306/1",
		"room_name" : "2306/1 (бывш. 304)"
	},
	{
		"id" : "7d4c86e9-a45f-45f1-9a18-949e7427f7e9",
		"name" : "1321",
		"room_number" : "1321",
		"room_name" : "1321 (бывш. 366)"
	},
	{
		"id" : "2030795d-5a7d-46b3-b552-90e4ff204593",
		"name" : "2305/1",
		"room_number" : "2305/1",
		"room_name" : "2305/1 (бывш. 303/2 (усл))"
	},
	{
		"id" : "c3e55509-557e-4074-8af3-d3204ace2501",
		"name" : "2339/1",
		"room_number" : "2339/1",
		"room_name" : "2339/1 (бывш. 327/1 (усл))"
	},
	{
		"id" : "43429a91-dd5c-4e3c-be32-7f6888a9bce3",
		"name" : "2306/2",
		"room_number" : "2306/2",
		"room_name" : "2306/2 (бывш. 305)"
	},
	{
		"id" : "f62b092e-a331-4aaa-a3dd-15aa32dcd6d1",
		"name" : "1328",
		"room_number" : "1328",
		"room_name" : "1328 (бывш. 371)"
	},
	{
		"id" : "7ffbcb95-5d8c-4ec6-8ea6-e2c6c53372ee",
		"name" : "2324",
		"room_number" : "2324",
		"room_name" : "2324 (бывш. 318)"
	},
	{
		"id" : "2fa56709-58c7-42c1-ace9-97b709ffac9b",
		"name" : "2336",
		"room_number" : "2336",
		"room_name" : "2336 (бывш. 329)"
	},
	{
		"id" : "3b2284a8-2169-46f6-9ec9-98c4457dae94",
		"name" : "2311",
		"room_number" : "2311",
		"room_name" : "2311 (бывш. 313)"
	},
	{
		"id" : "5a210428-c687-4c65-9336-77c936608f8b",
		"name" : "2312",
		"room_number" : "2312",
		"room_name" : "2312 (бывш. 310)"
	},
	{
		"id" : "1dfcbc57-ed72-4387-bfd1-4857f3ab47d2",
		"name" : "1324",
		"room_number" : "1324",
		"room_name" : "1324 (бывш. 369а)"
	},
	{
		"id" : "a2dcedf5-1392-4db2-a4fd-69f08f880533",
		"name" : "2316",
		"room_number" : "2316",
		"room_name" : "2316 (бывш. 314)"
	},
	{
		"id" : "c6dddf25-92e3-4c2d-9426-107cc33725a8",
		"name" : "1318",
		"room_number" : "1318",
		"room_name" : "1318 (бывш. 361)"
	},
	{
		"id" : "cf80f016-b9cf-4726-a7bf-111a8d9a74f8",
		"name" : "Студофис",
		"room_number" : "1305",
		"room_name" : "1305 (бывш. 355/6)"
	},
	{
		"id" : "be0aa67c-a3d6-4a36-b9d9-cde7348f0f8e",
		"name" : "2330",
		"room_number" : "2330",
		"room_name" : "2330 (бывш. 322)"
	},
	{
		"id" : "a1aa90c0-3528-4495-af76-c725aeca144e",
		"name" : "1333",
		"room_number" : "1333",
		"room_name" : "1333 (бывш. 378)"
	},
	{
		"id" : "26b142ae-edd2-4d65-a555-f1eed06d0a41",
		"name" : "2340",
		"room_number" : "2340",
		"room_name" : "2340 (бывш. 337)"
	},
	{
		"id" : "1945b5f0-f9a2-4020-b882-1e8cb7f0739a",
		"name" : "2335",
		"room_number" : "2335",
		"room_name" : "2335 (бывш. 326)"
	},
	{
		"id" : "98a5305a-4bff-4a36-8dde-2f4d651ed47a",
		"name" : "Конференц-зал",
		"room_number" : "1312",
		"room_name" : "1312 (бывш. 355/17)"
	},
	{
		"id" : "7d0147b2-27dd-41ba-83a0-561f3536549a",
		"name" : "2314",
		"room_number" : "2314",
		"room_name" : "2314 (бывш. 312)"
	},
	{
		"id" : "80746c75-f2a5-4b25-a4db-195a862a2b79",
		"name" : "Амфитеатр",
		"room_number" : "1301",
		"room_name" : "1301 (бывш. 355/13)"
	},
	{
		"id" : "1db57fd6-39e8-491b-8ce6-dcdf9b263f75",
		"name" : "2334",
		"room_number" : "2334",
		"room_name" : "2334 (бывш. 325)"
	},
	{
		"id" : "2002c08a-8e0a-4133-8df1-15864649533d",
		"name" : "1308",
		"room_number" : "1308",
		"room_name" : "1308 (бывш. 355/3)"
	},
	{
		"id" : "b8b98eb4-75c4-421e-ab50-4a19a015225f",
		"name" : "2326",
		"room_number" : "2326",
		"room_name" : "2326 (бывш. 319)"
	},
	{
		"id" : "4c032c7f-6377-47ea-8d32-f5a3009dfd93",
		"name" : "2329",
		"room_number" : "2329",
		"room_name" : "2329 (бывш. 321)"
	},
	{
		"id" : "5c8b139a-0e5f-4d64-ac59-060edfc3c6c5"
	},
	{
		"id" : "2c763d2f-dbdf-4a8e-a21c-3259a0311276",
		"name" : "1342/1",
		"room_number" : "1342/1",
		"room_name" : "1342/1 (бывш. 384)"
	},
	{
		"id" : "aaf2ccb0-60fc-454d-88ad-77dac96972e5",
		"name" : "2327",
		"room_number" : "2327",
		"room_name" : "2327 (бывш. 320)"
	},
	{
		"id" : "4ade272a-5e0f-45c2-975d-f94c49140f22",
		"name" : "1335",
		"room_number" : "1335",
		"room_name" : "1335 (бывш. 380)"
	},
	{
		"id" : "0914e1da-d7c6-4475-9510-5b9d61c14018",
		"name" : "2320",
		"room_number" : "2320",
		"room_name" : "2320 (бывш. 317)"
	},
	{
		"id" : "7f6ca871-78fa-4066-ba45-ea3651dd3cb8",
		"name" : "2318",
		"room_number" : "2318",
		"room_name" : "2318 (бывш. 316)"
	},
	{
		"id" : "713e14f9-56d3-4478-b42e-06253fb35ea1",
		"name" : "1323",
		"room_number" : "1323",
		"room_name" : "1323 (бывш. 368)"
	},
	{
		"id" : "41a7ca67-447b-4818-ad9a-47c5b44daa80",
		"name" : "2322",
		"room_number" : "2322",
		"room_name" : "2322 (бывш. 318а)"
	},
	{
		"id" : "ec9bcbb8-aa16-41e3-b3bb-a3ce9ee54b68",
		"name" : "1340",
		"room_number" : "1340",
		"room_name" : "1340 (бывш. 381а)"
	},
	{
		"id" : "d5487d5b-0644-47e3-a08a-b69339c48ae9",
		"name" : "1303",
		"room_number" : "1303",
		"room_name" : "1303 (бывш. 355/11)"
	},
	{
		"id" : "f09474ad-da32-4eb6-80ba-5cb36992d8cd",
		"name" : "Проректор по экономике и финансам",
		"room_number" : "1306",
		"room_name" : "1306 (бывш. 355/5)"
	},
	{
		"id" : "e2ef78db-631a-4100-9055-8513ee6b2f2d",
		"name" : "2338",
		"room_number" : "2338",
		"room_name" : "2338 (бывш. 326б)"
	},
	{
		"id" : "df03eb10-2816-4a04-8534-bd337c4c6306",
		"name" : "1307",
		"room_number" : "1307",
		"room_name" : "1307 (бывш. 355/4)"
	},
	{
		"id" : "36c1829b-b356-4814-a2c4-32c6303570f1",
		"name" : "2303",
		"room_number" : "2303",
		"room_name" : "2303 (бывш. 307)"
	},
	{
		"id" : "84aa4b75-373c-404e-afa6-0250d41da9e1",
		"name" : "2302/3",
		"room_number" : "2302/3",
		"room_name" : "2302/3 (бывш. 309в (усл))"
	},
	{
		"id" : "b7fc0877-91b2-4578-ad27-9092da02b24e",
		"name" : "1332",
		"room_number" : "1332",
		"room_name" : "1332 (бывш. 376)"
	},
	{
		"id" : "29eec9d4-2943-472a-ad87-277e3b0b4650",
		"name" : "1336",
		"room_number" : "1336",
		"room_name" : "1336 (бывш. 379)"
	},
	{
		"id" : "6c103e8e-c6db-4807-acef-9ce079a38aca",
		"name" : "1331/1",
		"room_number" : "1331/1",
		"room_name" : "1331/1 (бывш. 374/1 (усл))"
	},
	{
		"id" : "15bf682a-0ed9-4dcb-8827-894852cd2431",
		"name" : "2302/1",
		"room_number" : "2302/1",
		"room_name" : "2302/1 (бывш. 309б (усл))"
	},
	{
		"id" : "581852af-b470-4196-a1de-658ed43c279e",
		"name" : "1325",
		"room_number" : "1325",
		"room_name" : "1325 (бывш. 370)"
	},
	{
		"id" : "852aeefb-62e6-4115-81c9-7030907cec6c",
		"name" : "2328",
		"room_number" : "2328",
		"room_name" : "2328 (бывш. 323)"
	},
	{
		"id" : "4ac1ca48-e048-4fdf-add0-7289b7bc03fe",
		"name" : "1334",
		"room_number" : "1334",
		"room_name" : "1334 (бывш. 377)"
	},
	{
		"id" : "b35401f8-b05b-4807-b03e-e83da545916f",
		"name" : "1319",
		"room_number" : "1319",
		"room_name" : "1319 (бывш. 364)"
	},
	{
		"id" : "173f1c08-21b5-47f9-a854-858f908ac7f1",
		"name" : "2310",
		"room_number" : "2310",
		"room_name" : "2310 (бывш. 300)"
	},
	{
		"id" : "2b20df84-e33d-41d4-a46d-0bb2d0bb08fa",
		"name" : "Переговорная 1",
		"room_number" : "1311",
		"room_name" : "1311 (бывш. 355/14)"
	},
	{
		"id" : "d60c917a-2ba2-4936-a64b-aec0e213e6bd",
		"name" : "1331/2",
		"room_number" : "1331/2",
		"room_name" : "1331/2 (бывш. 374/2 (усл))"
	},
	{
		"id" : "6b3290f3-89d4-4d1e-adfa-44b09372c3f2",
		"name" : "1329",
		"room_number" : "1329",
		"room_name" : "1329 (бывш. 373)"
	},
	{
		"id" : "77b68c03-733b-408e-8905-798936a3409a",
		"name" : "2305/2",
		"room_number" : "2305/2",
		"room_name" : "2305/2 (бывш. 303/1 (усл))"
	},
	{
		"id" : "7328f364-53bb-472b-864f-a0ef682d05cc",
		"name" : "1322",
		"room_number" : "1322",
		"room_name" : "1322 (бывш. 367)"
	},
	{
		"id" : "914343dd-9137-48fb-964c-6f33bfbf17c6",
		"name" : "1326",
		"room_number" : "1326",
		"room_name" : "1326 (бывш. 369)"
	},
	{
		"id" : "90da7f5e-b039-413e-bbbc-387b0e7c9f7b",
		"name" : "2325",
		"room_number" : "2325",
		"room_name" : "2325 (бывш. 320а)"
	},
	{
		"id" : "640f49ce-f74a-4eff-97a6-121d83a3bdc6",
		"name" : "Туалет",
		"room_number" : "Туалет",
		"room_name" : "Туалет"
	},
	{
		"id" : "52761b2f-caf1-4b06-8f6b-f4cd1c160424",
		"name" : "2323",
		"room_number" : "2323",
		"room_name" : "2323 (бывш. 330)"
	},
	{
		"id" : "196382e2-981f-4a87-ad98-3fe2efe062ed",
		"name" : "1304/3",
		"room_number" : "1304/3",
		"room_name" : "1304/3 (бывш. 355/7)"
	},
	{
		"id" : "e0060268-7572-4d6a-91a0-21b1988abc5c"
	},
	{
		"id" : "8cd15689-b11f-4853-a56c-66d15ec83f5a",
		"name" : "2302/2",
		"room_number" : "2302/2",
		"room_name" : "2302/2 (бывш. 309а (усл))"
	},
	{
		"id" : "a70bb959-649f-4e2b-95e5-42b4020a14d3",
		"name" : "2321",
		"room_number" : "2321",
		"room_name" : "2321 (бывш. 330а)"
	},
	{
		"id" : "59b0e22b-23e3-48fd-86bc-dccdc2b2c45e"
	},
	{
		"id" : "3f1281db-5d8e-45aa-8679-c7947e33b6e0",
		"name" : "2331",
		"room_number" : "2331",
		"room_name" : "2331 (бывш. 333)"
	},
	{
		"id" : "c5fa862a-b4b3-4f42-89f6-b496cbfac069",
		"name" : "Переговорная 2",
		"room_number" : "1314",
		"room_name" : "1314 (бывш. 355/15)"
	},
	{
		"id" : "750491e2-a091-44ff-8dd7-0d1014a002e3",
		"name" : "1342/4",
		"room_number" : "1342/4",
		"room_name" : "1342/4 (бывш. 382а/2 (усл))"
	},
	{
		"id" : "508cf590-7e1f-4976-ab3e-e796ae7a3c98",
		"name" : "2341/2",
		"room_number" : "2341/2",
		"room_name" : "2341/2 (бывш. 328/2 (усл))"
	},
	{
		"id" : "234b43ce-6cb2-4915-91f0-fb63ba696d8a",
		"name" : "1342/2",
		"room_number" : "1342/2",
		"room_name" : "1342/2 (бывш. 383)"
	},
	{
		"id" : "793572b8-b40b-428b-bd5f-2010ae8951f8",
		"name" : "Помощник проректора по экономике и финансам",
		"room_number" : "1313",
		"room_name" : "1313 (бывш. 355/16)"
	},
	{
		"id" : "4d667ad2-3200-45cc-be47-689f9b33a450",
		"name" : "2333",
		"room_number" : "2333",
		"room_name" : "2333 (бывш. 327/2(усл))"
	},
	{
		"id" : "135fd44a-1720-443c-9276-b4de3604035f",
		"name" : "1342",
		"room_number" : "1342",
		"room_name" : "1342 (бывш. 382)"
	},
	{
		"id" : "513a025c-c3b1-4a9e-8f0b-938ab4e8c1ac",
		"name" : "1304/2",
		"room_number" : "1304/2",
		"room_name" : "1304/2 (бывш. 355/8)"
	},
	{
		"id" : "0515a8d6-f113-4273-9f12-e8c804d09a78",
		"name" : "2305",
		"room_number" : "2305",
		"room_name" : "2305 (бывш. 303)"
	},
	{
		"id" : "95aaa071-ce04-4b4c-ae25-0318781b6c71",
		"name" : "2341/3",
		"room_number" : "2341/3",
		"room_name" : "2341/3 (бывш. 328/3 (усл))"
	},
	{
		"id" : "41db59a5-0557-4957-8170-bfdb58d671ce",
		"name" : "1304/1",
		"room_number" : "1304/1",
		"room_name" : "1304/1 (бывш. 355/9)"
	},
	{
		"id" : "578174b2-954c-4a52-bd64-95e407b9647a"
	},
	{
		"id" : "1658347b-2cdc-4e99-8e93-ece65f1e699c",
		"name" : "1342/3",
		"room_number" : "1342/3",
		"room_name" : "1342/3 (бывш. 382а/1 (усл))"
	},
	{
		"id" : "f00a9ce4-8a62-43fe-b9c3-f7865c704757",
		"name" : "Туалет",
		"room_number" : "Туалет",
		"room_name" : "Туалет"
	},
	{
		"id" : "5d168805-f5b8-48d5-b779-a9e3dc11e305"
	},
	{
		"id" : "9e3ac534-96c8-4eca-b81c-128dd19a47a9",
		"name" : "2339/2",
		"room_number" : "2339/2",
		"room_name" : "2339/2 (бывш. 327/3(усл))"
	},
	{
		"id" : "450fb343-49f7-416b-a9c0-a613a0f3924c",
		"name" : "Туалет",
		"room_number" : "Туалет",
		"room_name" : "Туалет"
	},
	{
		"id" : "15ad2159-bb5b-4d12-9ba6-039b4ee5c1ea",
		"name" : "Туалет",
		"room_number" : "Туалет",
		"room_name" : "Туалет"
	},
	{
		"id" : "1bd4c18b-6377-4185-b19f-36c6c87349ba"
	},
	{
		"id" : "5c425ca2-d7bd-417b-bb02-ec3b1b14a317"
	},
	{
		"id" : "25e83c8e-ac91-472b-bf69-d4832624a6e4"
	},
	{
		"id" : "4de36c6a-9e33-4831-9571-279761add608",
		"name" : "Туалет",
		"room_number" : "Туалет",
		"room_name" : "Туалет"
	},
	{
		"id" : "a41453eb-121b-473f-9123-fdaeab4925ac",
		"name" : "1315",
		"room_number" : "1315",
		"room_name" : "1315 (бывш. 360)"
	},
	{
		"id" : "baf04e61-afd5-4ee6-ba9a-d124b742ca52"
	},
	{
		"id" : "7f0badba-198f-4521-afa9-2755f2681a4a",
		"name" : "1411",
		"room_number" : "1411",
		"room_name" : "1411 (бывш. 460)"
	},
	{
		"id" : "8d4f4047-69d6-4f76-b56e-c1d97c5aa7f9"
	},
	{
		"id" : "baa4534d-3d94-4009-ad84-f915547cf2b5"
	},
	{
		"id" : "99c37e53-6ebc-4a58-8ec6-6452356f53c1"
	},
	{
		"id" : "ce5005fb-fbf2-48d9-a073-eff072d6f8c0",
		"name" : "4 этаж"
	},
	{
		"id" : "e6ceda3d-a98a-45af-92ea-16c79bcc492f",
		"name" : "4 этаж"
	},
	{
		"id" : "b484b269-9425-453b-b2b6-f9af0a54210f",
		"name" : "4 этаж"
	},
	{
		"id" : "1e273fac-0178-4702-a2f2-cdfcfca69c0e"
	},
	{
		"id" : "868e1a48-d3e9-49ef-852f-c52727fb0ed1"
	},
	{
		"id" : "e6539a13-abcc-4526-945f-9ceff8506aa9",
		"name" : "4 этаж"
	},
	{
		"id" : "d65f0237-ed48-4f0e-9728-2cc42aa5245b",
		"name" : "4 этаж"
	},
	{
		"id" : "60953186-1f63-421c-b0e3-229334e6e52e",
		"name" : "4 этаж"
	},
	{
		"id" : "fdbcd475-55d0-4505-8020-4f02da729bd1",
		"name" : "4 этаж"
	},
	{
		"id" : "caa16504-6d13-483f-b77f-5416217c9d0a"
	},
	{
		"id" : "05e5600e-b032-418b-b9a4-e41f0fb44057"
	},
	{
		"id" : "fc8763e6-8742-43c4-8b09-ce7c8722e4f8",
		"name" : "1404",
		"room_number" : "1404",
		"room_name" : "1404"
	},
	{
		"id" : "23485286-1bbc-4bce-a6dc-62d26e40c29d",
		"name" : "1405",
		"room_number" : "1405",
		"room_name" : "1405"
	},
	{
		"id" : "27cb2f87-2e7c-4dee-8a78-562bbbfaa7c8",
		"name" : "1419",
		"room_number" : "1419",
		"room_name" : "1419 (бывш. 466)"
	},
	{
		"id" : "4d5ede85-bcc6-46a5-9a97-b6ece44cc017",
		"name" : "2403",
		"room_number" : "2403",
		"room_name" : "2403 (бывш. 404)"
	},
	{
		"id" : "95caf5dd-cdbd-41fd-996c-c4f6182e40fc",
		"name" : "2407",
		"room_number" : "2407",
		"room_name" : "2407 (бывш. 403)"
	},
	{
		"id" : "5904297f-4f6f-4d53-bd1c-0090267395e3",
		"name" : "1401",
		"room_number" : "1401",
		"room_name" : "1401"
	},
	{
		"id" : "d320775e-9067-4ba9-90aa-698fde87337a",
		"name" : "2435/1",
		"room_number" : "2435/1",
		"room_name" : "2435/1 (бывш. 431а)"
	},
	{
		"id" : "ad67dd89-32f7-49ba-ab45-b928aa148479",
		"name" : "2426",
		"room_number" : "2426",
		"room_name" : "2426 (бывш. 422)"
	},
	{
		"id" : "df47afc1-c88c-4f5e-aaa8-46408ed04f12",
		"name" : "1428",
		"room_number" : "1428",
		"room_name" : "1428 (бывш. 475)"
	},
	{
		"id" : "4a92b91c-e841-4dba-92f8-0d527f348bc7",
		"name" : "2435",
		"room_number" : "2435",
		"room_name" : "2435 (бывш. 431)"
	},
	{
		"id" : "cc0a9a81-432b-4875-b4fc-4dfad5c0eee7",
		"name" : "2433",
		"room_number" : "2433",
		"room_name" : "2433 (бывш. 429)"
	},
	{
		"id" : "0493699e-8d28-404a-bb2d-da72fdfe0965",
		"name" : "1403",
		"room_number" : "1403",
		"room_name" : "1403"
	},
	{
		"id" : "8f7996ae-661a-41c3-9254-3db33528f2a1",
		"name" : "2430",
		"room_number" : "2430",
		"room_name" : "2430 (бывш. 427)"
	},
	{
		"id" : "25ce181b-1173-4298-821f-859e439570a8",
		"name" : "1410",
		"room_number" : "1410",
		"room_name" : "1410 (бывш. 461)"
	},
	{
		"id" : "3d5fba70-9b54-46e7-9b0e-4599c8cb2296",
		"name" : "1407/2",
		"room_number" : "1407/2",
		"room_name" : "1407/2 (бывш. 455)"
	},
	{
		"id" : "5e6063fe-f8fa-44ec-bdf5-563dff2a6904",
		"name" : "1415",
		"room_number" : "1415",
		"room_name" : "1415 (бывш. 464)"
	},
	{
		"id" : "093c0567-02fe-4630-8735-debe77850d19",
		"name" : "1412",
		"room_number" : "1412",
		"room_name" : "1412 (бывш. 465)"
	},
	{
		"id" : "27069618-1965-45ed-a60f-bd9ebdf3e463",
		"name" : "2404",
		"room_number" : "2404",
		"room_name" : "2404 (бывш. 405)"
	},
	{
		"id" : "643ad600-4e3a-4b7b-aff8-1c75da952eff",
		"name" : "2435/7",
		"room_number" : "2435/7",
		"room_name" : "2435/7 (бывш. 428)"
	},
	{
		"id" : "25046f41-36bc-4415-9934-b752e0cf3162",
		"name" : "1425",
		"room_number" : "1425",
		"room_name" : "1425 (бывш. 474)"
	},
	{
		"id" : "ca2252b6-e763-4d96-8f36-d91566404b32",
		"name" : "1432",
		"room_number" : "1432",
		"room_name" : "1432 (бывш. 479)"
	},
	{
		"id" : "add258bd-4760-4516-9ab6-466ad6d5230d",
		"name" : "2408",
		"room_number" : "2408",
		"room_name" : "2408"
	},
	{
		"id" : "261261ad-b3ad-4ab9-8875-5d6b41e1050e",
		"name" : "2404/4",
		"room_number" : "2404/4",
		"room_name" : "2404/4 (бывш. 405-4)"
	},
	{
		"id" : "03266ab4-b619-4edd-8281-b77e2af5c2cf",
		"name" : "2435/4",
		"room_number" : "2435/4",
		"room_name" : "2435/4 (бывш. 431в)"
	},
	{
		"id" : "4572428b-fc92-42bf-a5f8-20ccdd59e26a",
		"name" : "2401",
		"room_number" : "2401",
		"room_name" : "2401 (бывш. 402)"
	},
	{
		"id" : "24a02646-0f31-47de-8ec8-5d14b0447bbd"
	},
	{
		"id" : "18f0c29f-c4ad-4150-bb46-d1fa0fe7cc04",
		"name" : "2418",
		"room_number" : "2418",
		"room_name" : "2418 (бывш. 414)"
	},
	{
		"id" : "1748843a-e6f8-42c6-adaa-02b940b00d2e",
		"name" : "2435/6",
		"room_number" : "2435/6",
		"room_name" : "2435/6 (бывш. 431д)"
	},
	{
		"id" : "efa3b5e8-3194-4c62-8a13-86925820c9c8",
		"name" : "2422",
		"room_number" : "2422",
		"room_name" : "2422 (бывш. 418)"
	},
	{
		"id" : "5c056ea6-fe75-432c-a173-660c31e528b2",
		"name" : "2431",
		"room_number" : "2431",
		"room_name" : "2431 (бывш. 426)"
	},
	{
		"id" : "8027b604-88d8-4b0e-8182-c4f664bebbc0",
		"name" : "2404/1",
		"room_number" : "2404/1",
		"room_name" : "2404/1 (бывш. 405-1)"
	},
	{
		"id" : "b9da4b58-945f-4478-9df4-0bdf7c74c0dd",
		"name" : "2414",
		"room_number" : "2414",
		"room_name" : "2414 (бывш. 410)"
	},
	{
		"id" : "0ff088cd-1dc5-40aa-ac4e-e25a73daa2c3",
		"name" : "2412",
		"room_number" : "2412",
		"room_name" : "2412 (бывш. 409)"
	},
	{
		"id" : "5e01bead-8613-4ffd-8b09-48df50e3b5ab",
		"name" : "2435/3",
		"room_number" : "2435/3",
		"room_name" : "2435/3 (бывш. 431б)"
	},
	{
		"id" : "9603547c-d1f0-4ab6-b415-af3cb0aed855",
		"name" : "2435/5",
		"room_number" : "2435/5",
		"room_name" : "2435/5 (бывш. 431г)"
	},
	{
		"id" : "3c4df382-3d3e-414c-a49b-b2e2ec1e4291"
	},
	{
		"id" : "c1d7ef4e-dd8d-4488-ab1b-a74a3a800d98",
		"name" : "2404/2",
		"room_number" : "2404/2",
		"room_name" : "2404/2 (бывш. 405-2)"
	},
	{
		"id" : "081e2f09-456d-4ac4-883a-47f31bb3ac77",
		"name" : "2419",
		"room_number" : "2419",
		"room_name" : "2419 (бывш. 419)"
	},
	{
		"id" : "ed7af41a-852e-4926-b7ce-382632d49d42",
		"name" : "2415",
		"room_number" : "2415",
		"room_name" : "2415 (бывш. 415)"
	},
	{
		"id" : "cf240c8c-84f9-4eb4-9c1c-dedf71afd6f9",
		"name" : "2416",
		"room_number" : "2416",
		"room_name" : "2416 (бывш. 412)"
	},
	{
		"id" : "2d9dd5ae-5224-4b8c-9ddd-1b6704aa61da",
		"name" : "2436/2",
		"room_number" : "2436/2",
		"room_name" : "2436/2 (бывш. 430б (усл))"
	},
	{
		"id" : "1b069a72-ddc7-4dff-b706-39892b19e7ef",
		"name" : "1430",
		"room_number" : "1430",
		"room_name" : "1430 (бывш. 477)"
	},
	{
		"id" : "8380ed0a-4ef9-4a3d-9651-00ec706d70bc",
		"name" : "1427",
		"room_number" : "1427",
		"room_name" : "1427 (бывш. 476)"
	},
	{
		"id" : "1b47e360-d0a1-47b5-b0ee-fada1b2c2896",
		"name" : "2404/5",
		"room_number" : "2404/5",
		"room_name" : "2404/5 (бывш. 405-3)"
	},
	{
		"id" : "8e09d2ee-fcd8-4f9b-9448-52535f798990",
		"name" : "1423/2",
		"room_number" : "1423/2",
		"room_name" : "1423/2 (бывш. 472/2 (усл))"
	},
	{
		"id" : "a6102df5-ed3a-495d-8df8-8dca21502e3b",
		"name" : "1417",
		"room_number" : "1417",
		"room_name" : "1417 (бывш. 466а)"
	},
	{
		"id" : "edb8d98e-607f-496e-856e-d54cd8689d5f",
		"name" : "1418",
		"room_number" : "1418",
		"room_name" : "1418 (бывш. 478)"
	},
	{
		"id" : "7ca67a1f-afd6-455f-b834-62ac891fd336",
		"name" : "1402",
		"room_number" : "1402",
		"room_name" : "1402"
	},
	{
		"id" : "ea2c8e45-f138-468a-a1d9-0b68d8b211a7",
		"name" : "2417",
		"room_number" : "2417",
		"room_name" : "2417 (бывш. 417)"
	},
	{
		"id" : "97129017-a6f6-4ceb-8d9b-6dd02260f269",
		"name" : "2420",
		"room_number" : "2420",
		"room_name" : "2420 (бывш. 416)"
	},
	{
		"id" : "ddca2d3b-404e-4e2a-949c-4a25857fe92c",
		"name" : "1407/1",
		"room_number" : "1407/1",
		"room_name" : "1407/1 (бывш. 456)"
	},
	{
		"id" : "c0a49027-18b5-4fb4-b6d5-7733bd8dce9e",
		"name" : "1422",
		"room_number" : "1422",
		"room_name" : "1422 (бывш. 469)"
	},
	{
		"id" : "acdc4c35-57ed-4433-b04e-fc6c12a0185a",
		"name" : "2402",
		"room_number" : "2402",
		"room_name" : "2402 (бывш. 401)"
	},
	{
		"id" : "c49e322a-ef0d-457b-8a65-088ffb985bfb",
		"name" : "2436/1",
		"room_number" : "2436/1",
		"room_name" : "2436/1 (бывш. 430а (усл))"
	},
	{
		"id" : "4a72bd7a-b100-4feb-b5ec-79478907fbf9",
		"name" : "1409/2",
		"room_number" : "1409/2",
		"room_name" : "1409/2 (бывш. 459)"
	},
	{
		"id" : "6375d153-eda2-47a0-876b-110cd3802a82",
		"name" : "1424/4",
		"room_number" : "1424/4",
		"room_name" : "1424/4 (бывш. 471/5 (усл))"
	},
	{
		"id" : "77dbcc98-2f60-45e8-b757-b78993cda1de",
		"name" : "1421",
		"room_number" : "1421",
		"room_name" : "1421 (бывш. 470)"
	},
	{
		"id" : "c78ea720-6c5a-499a-817a-746f5148d63d",
		"name" : "1426",
		"room_number" : "1426",
		"room_name" : "1426 (бывш. 473)"
	},
	{
		"id" : "dea08dc3-a2c2-4d49-b2d1-973e08bb7a70",
		"name" : "2424",
		"room_number" : "2424",
		"room_name" : "2424 (бывш. 420)"
	},
	{
		"id" : "c9877fae-b085-4da7-af66-3af5b99533dc",
		"name" : "1423/1",
		"room_number" : "1423/1",
		"room_name" : "1423/1 (бывш. 472/1 (усл))"
	},
	{
		"id" : "dbdaf68a-3a2e-4760-8165-643b1523f88f",
		"name" : "2411/2",
		"room_number" : "2411/2",
		"room_name" : "2411/2"
	},
	{
		"id" : "d632362c-fe15-4179-b195-fca42bab3c22",
		"name" : "1423/3",
		"room_number" : "1423/3",
		"room_name" : "1423/3 (бывш. 472/3 (усл))"
	},
	{
		"id" : "6990624d-30a5-44fa-a6df-a4f32f1cc1f6",
		"name" : "1424/1",
		"room_number" : "1424/1",
		"room_name" : "1424/1 (бывш. 471/1 (усл))"
	},
	{
		"id" : "223f889e-d22d-4cea-8ec2-7aebf13880ae",
		"name" : "1414",
		"room_number" : "1414",
		"room_name" : "1414 (бывш. 467)"
	},
	{
		"id" : "48e44782-5680-447e-90d2-116074ca1f6b",
		"name" : "1409/1",
		"room_number" : "1409/1",
		"room_name" : "1409/1 (бывш. 458)"
	},
	{
		"id" : "611a1ce1-23bf-4c1a-845c-874206acf537"
	},
	{
		"id" : "a1919a33-5159-4607-9383-42d1fa8b7769",
		"name" : "2436/3",
		"room_number" : "2436/3",
		"room_name" : "2436/3 (бывш. 430в (усл))"
	},
	{
		"id" : "f1e246d6-19f0-41a3-983a-38535dc62fc1",
		"name" : "2406",
		"room_number" : "2406",
		"room_name" : "2406 (бывш. 406)"
	},
	{
		"id" : "92bf7159-6670-4018-b6f6-84775581f7f8",
		"name" : "1420",
		"room_number" : "1420",
		"room_name" : "1420 (бывш. 468)"
	},
	{
		"id" : "03b5e703-c67b-4697-888b-58f975f256bb",
		"name" : "2410",
		"room_number" : "2410",
		"room_name" : "2410 (бывш. 408)"
	},
	{
		"id" : "b0358df4-cfff-4b2f-b7ea-8da479269580",
		"name" : "Туалет",
		"room_number" : "Туалет",
		"room_name" : "Туалет"
	},
	{
		"id" : "6141f58f-02ca-47bd-aabe-35404691e8f8",
		"name" : "2423",
		"room_number" : "2423",
		"room_name" : "2423 (бывш. 423)"
	},
	{
		"id" : "144c2d50-dacf-4ef0-9fe6-0421462c1d20",
		"name" : "2428",
		"room_number" : "2428",
		"room_name" : "2428 (бывш. 425а)"
	},
	{
		"id" : "4ce3daba-2782-447a-a2bf-6e24305145f2",
		"name" : "2411/1",
		"room_number" : "2411/1",
		"room_name" : "2411/1"
	},
	{
		"id" : "00190184-38a0-4016-807a-09189893efe0",
		"name" : "2410/2",
		"room_number" : "2410/2",
		"room_name" : "2410/2 (бывш. 408/2 (усл))"
	},
	{
		"id" : "bf561e06-c160-4b63-97c1-77b7474e5399",
		"name" : "2421",
		"room_number" : "2421",
		"room_name" : "2421 (бывш. 421)"
	},
	{
		"id" : "1da645cd-36b4-4313-af3f-0999915ed42e",
		"name" : "1416",
		"room_number" : "1416",
		"room_name" : "1416 (бывш. 467а)"
	},
	{
		"id" : "00584b82-e6fe-4600-a4aa-fa0f25f613a7"
	},
	{
		"id" : "b3dd393f-1541-4253-a12e-5a619630780d",
		"name" : "1424/2",
		"room_number" : "1424/2",
		"room_name" : "1424/2 (бывш. 471/2 (усл))"
	},
	{
		"id" : "b30d42ad-8fe0-4235-b5da-b10a8f0531f6",
		"name" : "1407",
		"room_number" : "1407",
		"room_name" : "1407"
	},
	{
		"id" : "97abfce5-2aea-4b04-a15b-d4db47af4f12",
		"name" : "1408",
		"room_number" : "1408",
		"room_name" : "1408 (бывш. 457)"
	},
	{
		"id" : "7c222e94-361e-41ea-a115-047e4b237ec1",
		"name" : "2427",
		"room_number" : "2427",
		"room_name" : "2427 (бывш. 425)"
	},
	{
		"id" : "8b7988a0-78bc-47dd-a651-9215b199f2da",
		"name" : "2434",
		"room_number" : "2434",
		"room_name" : "2434 (бывш. 433в)"
	},
	{
		"id" : "a332338f-9fd4-47e6-8793-36ee2ab05ec3",
		"name" : "1424/3",
		"room_number" : "1424/3",
		"room_name" : "1424/3 (бывш. 471/4 (усл))"
	},
	{
		"id" : "f4c9baf6-5a01-4cf2-b017-c5ffa3d6369c",
		"name" : "1407/3",
		"room_number" : "1407/3",
		"room_name" : "1407/3 (бывш. 555/1 (усл))"
	},
	{
		"id" : "34f6af63-4e15-45ea-9f49-e457dcef7dda",
		"name" : "2425",
		"room_number" : "2425",
		"room_name" : "2425 (бывш. 424)"
	},
	{
		"id" : "e6e6ffaa-3145-4d8a-a154-171e12d9fd95"
	},
	{
		"id" : "6936ee59-a1e0-4891-aeed-79f368b6ef33",
		"name" : "2429",
		"room_number" : "2429",
		"room_name" : "2429 (бывш. 425б)"
	},
	{
		"id" : "ee6e647c-11f6-4f17-ad90-38aae802a6af",
		"name" : "2435/2",
		"room_number" : "2435/2",
		"room_name" : "2435/2 (бывш. 431е)"
	},
	{
		"id" : "62c78f54-e17b-4ef5-aca4-8e0b50122fe4"
	},
	{
		"id" : "8c4e7012-1d2e-4f30-8894-e32bb5c7d786",
		"name" : "1423",
		"room_number" : "1423",
		"room_name" : "1423 (бывш. 472)"
	},
	{
		"id" : "0674063a-9df0-405b-8d43-8683725b6daf",
		"name" : "2409",
		"room_number" : "2409",
		"room_name" : "2409 (бывш. 411)"
	},
	{
		"id" : "4f28e0c7-a0c4-4389-911c-f50dc7e94357",
		"name" : "2413",
		"room_number" : "2413",
		"room_name" : "2413 (бывш. 413а)"
	},
	{
		"id" : "63703a51-c299-4dc9-b0a9-6a79d4e18538"
	},
	{
		"id" : "6f9c5be9-0e6c-4ca9-b8ae-868e14786f1f",
		"name" : "1406",
		"room_number" : "1406",
		"room_name" : "1406"
	},
	{
		"id" : "c7e6fcf6-6fe8-4193-b5fb-03a7b258226f"
	},
	{
		"id" : "15cb3a05-68ee-49f4-a69c-5e7cd1a255c9",
		"name" : "1407/4",
		"room_number" : "1407/4",
		"room_name" : "1407/4 (бывш. 555/2 (усл))"
	},
	{
		"id" : "541a4ba0-7c32-454a-967f-17ac134f2af2",
		"name" : "2405",
		"room_number" : "2405",
		"room_name" : "2405 (бывш. 403а)"
	},
	{
		"id" : "0cf0bf58-85a4-4cb0-828b-24c95eaf4cd4",
		"name" : "2408/2",
		"room_number" : "2408/2",
		"room_name" : "2408/2 (бывш. 407а)"
	},
	{
		"id" : "f588c969-e2d4-4908-9a28-fe2368eda029"
	},
	{
		"id" : "d1e7b4ea-c4ff-4393-9404-e47c8ab1230d"
	},
	{
		"id" : "2d7362c9-0e10-4622-a599-705818025bc8"
	},
	{
		"id" : "39689335-c69a-4779-8be4-fe738fafaac1",
		"name" : "1424",
		"room_number" : "1424",
		"room_name" : "1424 (бывш. 471/6 (усл))"
	},
	{
		"id" : "3ceac297-6127-4b94-8443-6ce0a403155e"
	},
	{
		"id" : "7b377e53-99d5-494a-91d6-1ead61cef611"
	},
	{
		"id" : "eeae6d87-36d4-4d8d-a81d-c9d98de9f1c7"
	},
	{
		"id" : "346aa28a-5c2f-4fb7-a751-1a4a1dda4656"
	},
	{
		"id" : "f4f9bfc6-7ae8-4e27-87cf-6a0969601b93",
		"name" : "2404/3",
		"room_number" : "2404/3",
		"room_name" : "2404/3 (бывш. 405-7)"
	},
	{
		"id" : "2fa73b91-97df-4151-8a0f-10353ed2c5fa"
	},
	{
		"id" : "d40ed77f-222f-4928-9b7f-d6f2e550bd58"
	},
	{
		"id" : "e58ba287-75da-483a-9d67-cc0a6e3a28e2"
	},
	{
		"id" : "139c5150-16b3-48ba-bb57-51b5ee86315c",
		"name" : "1413",
		"room_number" : "1413",
		"room_name" : "1413 (бывш. 460а)"
	},
	{
		"id" : "26eb9a5e-ec55-4c65-933e-f64113bbbc16",
		"name" : "1409",
		"room_number" : "1409",
		"room_name" : "1409"
	},
	{
		"id" : "b9716333-55fa-4301-ab78-de73d36025a4"
	},
	{
		"id" : "9f275391-b0cb-4491-8f99-876fc058e495",
		"name" : "Туалет",
		"room_number" : "Туалет",
		"room_name" : "Туалет"
	},
	{
		"id" : "a51f99f9-917b-47a3-bf53-c20aa36f52d6"
	},
	{
		"id" : "9e7b02a7-3a45-447b-9f9e-ec0a5d03c344"
	},
	{
		"id" : "75f40854-c6b8-4b45-9a0a-de7fa5263c28",
		"name" : "5 этаж"
	},
	{
		"id" : "a6424a86-5bc0-4104-ba00-397bc43b40fe"
	},
	{
		"id" : "cfe740c3-8c99-4c3a-b635-4a2cb9384dfe"
	},
	{
		"id" : "0737bd69-3d01-43b8-8bef-c3e4540d909b"
	},
	{
		"id" : "53278c9e-d7f8-40b0-ab08-6e52278f5185"
	},
	{
		"id" : "5c34e02f-559b-4c8a-a65c-59e372ec8142"
	},
	{
		"id" : "9604f0cd-d5c7-4c01-84db-f65808514110"
	},
	{
		"id" : "e01402ac-c6a8-49af-b79c-7c2c47342306"
	},
	{
		"id" : "a986e26c-414c-4f75-9e73-b0ad37fe84ea",
		"name" : "Двор"
	},
	{
		"id" : "48fbf513-8760-4d81-b17e-96f0d0a8c220"
	},
	{
		"id" : "b2394831-db31-4c49-a1dc-4e12e9d5337f"
	},
	{
		"id" : "e88d7536-cfd4-46c8-a916-20588fa5bab8",
		"name" : "2 этаж"
	},
	{
		"id" : "8d3023f5-3dfc-40af-8327-d271dcb58a26",
		"name" : "2 этаж"
	},
	{
		"id" : "9dcd4d33-a963-47bc-9c1d-1ee118f06761",
		"name" : "2 этаж"
	},
	{
		"id" : "1d91e729-6240-40bb-83ee-71f193f2b083",
		"name" : "2 этаж"
	},
	{
		"id" : "00247f55-7569-474a-b13d-512025591868",
		"name" : "2 этаж"
	},
	{
		"id" : "87899ab5-3be2-4e1a-9bbf-b21757c0a7ab"
	},
	{
		"id" : "4788f261-78d6-4b38-ba1f-c3ac7c4e947e",
		"name" : "2238",
		"room_number" : "2238",
		"room_name" : "2238 (бывш. 228)"
	},
	{
		"id" : "03371da7-cc09-4e94-8140-bf57d621ffe6",
		"name" : "2242",
		"room_number" : "2242",
		"room_name" : "2242 (бывш. 239)"
	},
	{
		"id" : "a1e8d5b2-3d99-4a4a-bcc5-9d92f4cf0449",
		"name" : "2240",
		"room_number" : "2240",
		"room_name" : "2240 (бывш. 230)"
	},
	{
		"id" : "42634e74-d026-43ed-bc9a-d0c4e744278f",
		"name" : "2241",
		"room_number" : "2241",
		"room_name" : "2241 (бывш. 240)"
	},
	{
		"id" : "9af450cf-b0a4-4611-8f4f-8a778ca6c568",
		"name" : "2244",
		"room_number" : "2244",
		"room_name" : "2244 (бывш. 236)"
	},
	{
		"id" : "893829c0-c463-4a14-83dd-abfaa42637bf",
		"name" : "2243",
		"room_number" : "2243",
		"room_name" : "2243 (бывш. 237)"
	},
	{
		"id" : "9029ab25-f01d-400d-9d92-89499222d983",
		"name" : "2237",
		"room_number" : "2237",
		"room_name" : "2237 (бывш. 229)"
	},
	{
		"id" : "7d7e4800-342d-4e5a-816a-3ee2771aeda0",
		"name" : "2227",
		"room_number" : "2227",
		"room_name" : "2227 (бывш. 218)"
	},
	{
		"id" : "023a4b10-f9a4-4b49-bf30-1efd8b0166ed",
		"name" : "2226",
		"room_number" : "2226",
		"room_name" : "2226 (бывш. 219)"
	},
	{
		"id" : "6dd748e5-5ec3-4715-b221-b9bedc33af2e",
		"name" : "2234",
		"room_number" : "2234",
		"room_name" : "2234 (бывш. 227)"
	},
	{
		"id" : "6fdace83-01c3-4805-a9ca-92fca74ce0ec",
		"name" : "2233",
		"room_number" : "2233",
		"room_name" : "2233 (бывш. 226)"
	},
	{
		"id" : "6e4a44cc-d3ca-4655-97ce-82d817448366",
		"name" : "2229",
		"room_number" : "2229",
		"room_name" : "2229 (бывш. 220)"
	},
	{
		"id" : "434fb710-d177-4e82-97d4-5faafa28093e",
		"name" : "2232",
		"room_number" : "2232",
		"room_name" : "2232 (бывш. 225)"
	},
	{
		"id" : "29cebbc9-1f7b-439b-a30c-e69f1edbcf80",
		"name" : "2245/1",
		"room_number" : "2245/1",
		"room_name" : "2245/1 (бывш. 241а (усл))"
	},
	{
		"id" : "3d37ff23-82ed-408c-91fa-0486eff3c276",
		"name" : "2231",
		"room_number" : "2231",
		"room_name" : "2231 (бывш. 224)"
	},
	{
		"id" : "51714c88-c9f6-42d1-8b8a-785577cbfb88",
		"name" : "2235",
		"room_number" : "2235",
		"room_name" : "2235 (бывш. 235)"
	},
	{
		"id" : "1d9fc119-eb2e-41f6-a4f4-48e03b59117d",
		"name" : "2225",
		"room_number" : "2225",
		"room_name" : "2225 (бывш. 217)"
	},
	{
		"id" : "c89a828f-c6ed-4130-8844-6f34b3ed048d",
		"name" : "2230",
		"room_number" : "2230",
		"room_name" : "2230 (бывш. 223)"
	},
	{
		"id" : "18b299fe-eb4b-4071-8000-686b26cc7aea",
		"name" : "2228",
		"room_number" : "2228",
		"room_name" : "2228 (бывш. 221)"
	},
	{
		"id" : "de33b5b2-56b1-4f1f-be81-fba212416157",
		"name" : "2239",
		"room_number" : "2239",
		"room_name" : "2239"
	},
	{
		"id" : "18f448cf-1a80-403d-8365-1d703a5178ec",
		"name" : "2236",
		"room_number" : "2236",
		"room_name" : "2236 (бывш. 228а)"
	},
	{
		"id" : "3a0ee44c-574e-4c75-a20d-d5c431f55fc1",
		"name" : "2 этаж"
	},
	{
		"id" : "cb132355-b3c8-4b01-ab82-02a3fa2410a0",
		"name" : "2 этаж"
	},
	{
		"id" : "a5eb3382-ff10-40f2-acca-bbb0b162a816",
		"name" : "1 этаж"
	},
	{
		"id" : "13d35dac-0635-45d2-b53b-64b3c2f56b56",
		"name" : "1 этаж"
	},
	{
		"id" : "f6438b32-9644-435c-938e-18827412174b",
		"name" : "1 этаж"
	},
	{
		"id" : "081c5d1f-bba9-4bb3-afab-9363898e8f5f",
		"name" : "1 этаж"
	},
	{
		"id" : "cc8296e8-9a03-444b-add5-53447ab8cb1e",
		"name" : "2136",
		"room_number" : "2136",
		"room_name" : "2136 (бывш. 98а (присв))"
	},
	{
		"id" : "d67aab70-0167-4bd3-9f03-787194c5d68c",
		"name" : "1 этаж"
	},
	{
		"id" : "a654efb8-2bcc-4a78-9707-f41a97dfc0e6",
		"name" : "1 этаж"
	},
	{
		"id" : "a0718f47-a7f9-4865-af6b-d25daf51987c",
		"name" : "1 этаж"
	},
	{
		"id" : "7e06002d-0751-4cfe-b776-894e6e3ed981",
		"name" : "2137",
		"room_number" : "2137",
		"room_name" : "2137 (бывш. 100/1(усл))"
	},
	{
		"id" : "cc4888c1-76d1-43a1-83fd-5da4dfffe290",
		"name" : "2133/1",
		"room_number" : "2133/1",
		"room_name" : "2133/1 (бывш. 147)"
	},
	{
		"id" : "d868dc7c-74f7-414c-b426-57c32958d2d1",
		"name" : "2138",
		"room_number" : "2138",
		"room_name" : "2138 (бывш. 99)"
	},
	{
		"id" : "af4550fc-43ae-4233-b926-dc35ce1ebba3",
		"name" : "2134",
		"room_number" : "2134",
		"room_name" : "2134 (бывш. 151)"
	},
	{
		"id" : "e88d12e6-8619-4832-82b6-d9d40eb4b9cf",
		"name" : "2132",
		"room_number" : "2132",
		"room_name" : "2132 (бывш. 146)"
	},
	{
		"id" : "149e582d-f595-4c5f-a5bc-58b627096e22",
		"name" : "2124",
		"room_number" : "2124",
		"room_name" : "2124 (бывш. 138)"
	},
	{
		"id" : "819c9c2b-8339-4c6a-af8c-43aad7ccac31",
		"name" : "2130",
		"room_number" : "2130",
		"room_name" : "2130 (бывш. 144)"
	},
	{
		"id" : "e8f3b011-8453-4472-bbf2-31aa30a58ea7",
		"name" : "2126",
		"room_number" : "2126",
		"room_name" : "2126 (бывш. 140)"
	},
	{
		"id" : "8714bc04-54ea-4e8f-9021-5b604ace5e01",
		"name" : "2125",
		"room_number" : "2125",
		"room_name" : "2125 (бывш. 139)"
	},
	{
		"id" : "7ebf2f66-76ad-480c-88f2-b6757f6e424f",
		"name" : "2128",
		"room_number" : "2128",
		"room_name" : "2128 (бывш. 142)"
	},
	{
		"id" : "cb656224-c7d0-463f-ab60-6759c532038a",
		"name" : "2122",
		"room_number" : "2122",
		"room_name" : "2122 (бывш. 136)"
	},
	{
		"id" : "7e67848d-d30f-4546-9797-96344aca279b"
	},
	{
		"id" : "5657e8ab-9b77-430f-b704-4e25479acec8",
		"name" : "2131",
		"room_number" : "2131",
		"room_name" : "2131 (бывш. 145)"
	},
	{
		"id" : "49beea1f-be22-4c5f-9eeb-1ba40b6408a2",
		"name" : "2139",
		"room_number" : "2139",
		"room_name" : "2139 (бывш. 98)"
	},
	{
		"id" : "97be9819-44aa-488c-a400-706d10eecc19"
	},
	{
		"id" : "76a9221c-1bc9-485b-9361-34c8a3dc8105"
	},
	{
		"id" : "b38abacf-3510-4e47-b260-27b24dd0bf7b",
		"name" : "2133/2",
		"room_number" : "2133/2",
		"room_name" : "2133/2 (бывш. 147а)"
	},
	{
		"id" : "b7a36047-b2ab-46ac-b864-c9d7fc60d3e0",
		"name" : "2135",
		"room_number" : "2135",
		"room_name" : "2135 (бывш. 98б (присв))"
	},
	{
		"id" : "d9798711-78ba-48a4-b6a2-167c10fd771c"
	},
	{
		"id" : "9b1c999e-6ab8-4277-878a-7d2659c04a6e"
	},
	{
		"id" : "69c233ae-60ed-4238-a583-77b1aa68af7e"
	},
	{
		"id" : "80b2b77a-aba8-41d9-ab3a-05f6cdeab2e3",
		"name" : "1 этаж"
	},
	{
		"id" : "46d23285-5db8-4c73-8994-6d216ea4b244",
		"name" : "1 этаж"
	},
	{
		"id" : "0ecaef69-0c25-43c3-8c57-9125a49dd2f4",
		"name" : "1 этаж"
	},
	{
		"id" : "b625018f-199b-4f47-82a4-97ba0f279673"
	},
	{
		"id" : "685c23dc-b48d-4cbf-86e3-30369bad9929",
		"name" : "5 этаж"
	},
	{
		"id" : "82c9a8a5-7ee4-4cc7-b4f6-2bd84d99e2c8",
		"name" : "2501",
		"room_number" : "2501",
		"room_name" : "2501"
	},
	{
		"id" : "3d388d5a-6931-4522-8887-c81494b495ce",
		"name" : "2501/5",
		"room_number" : "2501/5",
		"room_name" : "2501/5 (бывш. 512)"
	},
	{
		"id" : "e795ece3-8c1b-441c-ac2b-4f9f2e89ca72",
		"name" : "2501/3",
		"room_number" : "2501/3",
		"room_name" : "2501/3 (бывш. 501)"
	},
	{
		"id" : "d5079f70-e8ac-4cc1-9ff8-a4966b647d62",
		"name" : "2501/4",
		"room_number" : "2501/4",
		"room_name" : "2501/4 (бывш. 511)"
	},
	{
		"id" : "e11e3a39-94ee-49c7-aedc-c09815d44303",
		"name" : "2501/1",
		"room_number" : "2501/1",
		"room_name" : "2501/1 (бывш. 513)"
	},
	{
		"id" : "97fbf0b6-9ba3-44bc-95ab-25a7c05d79bc",
		"name" : "2501/2",
		"room_number" : "2501/2",
		"room_name" : "2501/2 (бывш. 501а)"
	},
	{
		"id" : "9dbd6cff-6452-400c-a9ea-986ce79231ce",
		"name" : "2 этаж"
	},
	{
		"id" : "cb5f6ff3-5e75-4cbe-aa4f-137611b33dad"
	},
	{
		"id" : "dcaed533-0821-4c0a-9c74-ac056fca9795",
		"name" : "2 этаж"
	},
	{
		"id" : "c5deffd9-0123-430c-a156-28623d51a855"
	},
	{
		"id" : "c4c73d6f-5d86-491d-a4ba-632703708eb5",
		"name" : "Ректорат",
		"room_number" : "1200",
		"room_name" : "1200"
	},
	{
		"id" : "49b94076-583f-4ec1-9513-6107d28ebc6e",
		"name" : "Приёмная ректора и первого проректора",
		"room_number" : "1210",
		"room_name" : "1210"
	},
	{
		"id" : "c0aec399-2eaf-45c1-a903-90ea3fba39bf",
		"name" : "2 этаж"
	},
	{
		"id" : "dabff6a7-a41b-4184-b848-92ad2e4ecc6e"
	},
	{
		"id" : "c8ce4b53-6c78-460a-b935-6f5186eba347",
		"name" : "1229",
		"room_number" : "1229",
		"room_name" : "1229 (бывш. 285)"
	},
	{
		"id" : "cfc973b8-34d6-4376-8908-7a0b19e7d6d7",
		"name" : "1240/2",
		"room_number" : "1240/2",
		"room_name" : "1240/2 (бывш. 294/2 (усл))"
	},
	{
		"id" : "0b61bbed-b638-43ea-a20f-3cce11add9e8",
		"name" : "1232",
		"room_number" : "1232",
		"room_name" : "1232 (бывш. 288)"
	},
	{
		"id" : "4065cef0-73f5-4ce0-afb5-3bc936f9bf5f",
		"name" : "1237",
		"room_number" : "1237",
		"room_name" : "1237 (бывш. 295)"
	},
	{
		"id" : "076fb278-e563-4a1f-969f-b5730c14afeb",
		"name" : "1222/2",
		"room_number" : "1222/2",
		"room_name" : "1222/2 (бывш. 280б (усл))"
	},
	{
		"id" : "8a47e706-eb53-463c-bb94-25453f597073",
		"name" : "1234",
		"room_number" : "1234",
		"room_name" : "1234 (бывш. 290)"
	},
	{
		"id" : "22c642a8-045f-44d7-916f-90cc28654708",
		"name" : "1235/2",
		"room_number" : "1235/2",
		"room_name" : "1235/2"
	},
	{
		"id" : "d334d6c9-809a-4868-b1ed-14a2a8e01062",
		"name" : "Ректор",
		"room_number" : "1211",
		"room_name" : "1211"
	},
	{
		"id" : "7e19fafe-ee73-4741-99c5-c496704c7350"
	},
	{
		"id" : "25d64760-57d3-4a68-9974-a25533a5db0e",
		"name" : "1206",
		"room_number" : "1206",
		"room_name" : "1206"
	},
	{
		"id" : "3ba41fad-881c-4d71-8a14-b8f31797231a",
		"name" : "Хайлайнер",
		"room_number" : "1212/2",
		"room_name" : "1212/2"
	},
	{
		"id" : "23de1ed6-0643-46f0-bce2-88bdc7b79109",
		"name" : "Учебная аналитика",
		"room_number" : "1208",
		"room_name" : "1208"
	},
	{
		"id" : "2f546311-a4af-4ac1-8434-1e337c862804",
		"name" : "Проректор по научной деятельности",
		"room_number" : "1205/2",
		"room_name" : "1205/2"
	},
	{
		"id" : "296bbf5e-18dd-4328-9430-af02278887cd",
		"name" : "1227",
		"room_number" : "1227",
		"room_name" : "1227 (бывш. 285а)"
	},
	{
		"id" : "a953ecd0-6767-45e0-bb59-ed6103142d5f",
		"name" : "Первый проректор",
		"room_number" : "1209",
		"room_name" : "1209"
	},
	{
		"id" : "3a107b7d-465e-42de-891d-1502e64b17e7",
		"name" : "1225",
		"room_number" : "1225",
		"room_name" : "1225 (бывш. 283)"
	},
	{
		"id" : "15c48c7a-300d-41b6-9198-ff0d6cd1a92e",
		"name" : "1203",
		"room_number" : "1203",
		"room_name" : "1203"
	},
	{
		"id" : "fdaf9fa0-c2bb-4eaf-a138-8baead2a814e",
		"name" : "1220/1",
		"room_number" : "1220/1",
		"room_name" : "1220/1 (бывш. 275)"
	},
	{
		"id" : "ed692f92-90a4-433b-8a56-f12c2111717e",
		"name" : "1231",
		"room_number" : "1231",
		"room_name" : "1231 (бывш. 287)"
	},
	{
		"id" : "84b34de8-143f-45da-a3c1-967a4d47f8b6",
		"name" : "1226",
		"room_number" : "1226",
		"room_name" : "1226 (бывш. 278)"
	},
	{
		"id" : "a98c2658-22f0-4d96-be1a-5b6c517d09f1",
		"name" : "1236",
		"room_number" : "1236",
		"room_name" : "1236 (бывш. 291)"
	},
	{
		"id" : "51ef2927-3e8d-4d5c-aefa-6731eaf5437d",
		"name" : "1220/5",
		"room_number" : "1220/5",
		"room_name" : "1220/5 (бывш. 272)"
	},
	{
		"id" : "5c99bf2f-7842-4194-a086-4cf9ef49b5dc",
		"name" : "1223/2",
		"room_number" : "1223/2",
		"room_name" : "1223/2 (бывш. 282)"
	},
	{
		"id" : "904c6d21-370e-4216-b1db-d090615a37ca",
		"name" : "1228",
		"room_number" : "1228",
		"room_name" : "1228 (бывш. 277)"
	},
	{
		"id" : "77b54fa4-bb4a-4638-bd7d-1624c6890d6d",
		"name" : "Проректор по молодёжной политике",
		"room_number" : "1201",
		"room_name" : "1201"
	},
	{
		"id" : "ed78d9fb-6edc-45a1-9dad-40be86825dfb",
		"name" : "1238",
		"room_number" : "1238",
		"room_name" : "1238 (бывш. 292)"
	},
	{
		"id" : "dcaecf57-5124-45f5-b8b1-2742923de167",
		"name" : "1204",
		"room_number" : "1204",
		"room_name" : "1204"
	},
	{
		"id" : "af5624a6-c6ad-468c-aaf6-69536ae7c99e",
		"name" : "Приёмная проректора",
		"room_number" : "1205",
		"room_name" : "1205"
	},
	{
		"id" : "abb47b60-c7f1-413d-996a-0180cd32f74b",
		"name" : "1220/4",
		"room_number" : "1220/4",
		"room_name" : "1220/4 (бывш. 273)"
	},
	{
		"id" : "461a50bb-ecee-478e-8831-e4946973297b",
		"name" : "1233/3",
		"room_number" : "1233/3",
		"room_name" : "1233/3 (бывш. 289/1)"
	},
	{
		"id" : "0f1e6637-5110-4178-b630-bae6d7483bef",
		"name" : "1224",
		"room_number" : "1224",
		"room_name" : "1224 (бывш. 284)"
	},
	{
		"id" : "a1c72fe3-9ded-46f1-89be-e57ab68553e7",
		"name" : "1202",
		"room_number" : "1202",
		"room_name" : "1202"
	},
	{
		"id" : "5e1188bd-27ab-4590-b3e9-12ada45fcf76",
		"name" : "1230",
		"room_number" : "1230",
		"room_name" : "1230 (бывш. 286)"
	},
	{
		"id" : "8ff93afc-15a9-49b5-b365-4c1360bc3080",
		"name" : "1205/1",
		"room_number" : "1205/1",
		"room_name" : "1205/1"
	},
	{
		"id" : "ddb12a5a-3f22-4c11-b252-c4c82f5af907"
	},
	{
		"id" : "a3fcd035-7028-4b0d-82b5-48f83cfe4520",
		"name" : "1212/1",
		"room_number" : "1212/1",
		"room_name" : "1212/1"
	},
	{
		"id" : "35355ccd-bed8-42ba-9e74-6857b9aa8958",
		"name" : "Туалет",
		"room_number" : "Туалет",
		"room_name" : "Туалет"
	},
	{
		"id" : "3a394979-bd53-4feb-bf2c-dae6cad199ce",
		"name" : "1223/1",
		"room_number" : "1223/1",
		"room_name" : "1223/1 (бывш. 282а)"
	},
	{
		"id" : "92af7e66-4ddf-4e59-884c-a6ef7776354b"
	},
	{
		"id" : "95e40d09-c151-4047-a5bd-ff637f15f88d",
		"name" : "1235/1",
		"room_number" : "1235/1",
		"room_name" : "1235/1"
	},
	{
		"id" : "15c18ced-bed7-43c2-8f71-36c69657bd34",
		"name" : "1212",
		"room_number" : "1212",
		"room_name" : "1212"
	},
	{
		"id" : "340674c6-bdbd-44fe-bd0f-0a4dfec8e65e",
		"name" : "1207",
		"room_number" : "1207",
		"room_name" : "1207"
	},
	{
		"id" : "b9305145-0e13-44e8-9578-8f3e8bdb53fa",
		"name" : "1213",
		"room_number" : "1213",
		"room_name" : "1213"
	},
	{
		"id" : "a3f7c15d-d41a-409c-a865-c6ee3f6c6567",
		"name" : "1233/2",
		"room_number" : "1233/2",
		"room_name" : "1233/2 (бывш. 289/2)"
	},
	{
		"id" : "0f45d568-d0fa-46b1-90c9-f8fc6ee33b7c",
		"name" : "1220/2",
		"room_number" : "1220/2",
		"room_name" : "1220/2 (бывш. 276)"
	},
	{
		"id" : "aee64dcd-ec5d-41ee-8586-13492039e113",
		"name" : "1222/1",
		"room_number" : "1222/1",
		"room_name" : "1222/1 (бывш. 280а (усл))"
	},
	{
		"id" : "2dde08ed-c080-47c7-8c16-8234954910ca",
		"name" : "1233/1",
		"room_number" : "1233/1",
		"room_name" : "1233/1 (бывш. 289/3)"
	},
	{
		"id" : "317c9988-7e1f-46fc-91c4-9faccc597d02",
		"name" : "Тысячелетний сокол",
		"room_number" : "1214",
		"room_name" : "1214"
	},
	{
		"id" : "6d28cf0c-8729-4540-a0a3-820a38284b85",
		"name" : "Тардис",
		"room_number" : "1215",
		"room_name" : "1215"
	},
	{
		"id" : "6801b51c-ea53-4d5a-a91e-cbb303f36e21",
		"name" : "1220/3",
		"room_number" : "1220/3",
		"room_name" : "1220/3 (бывш. 274)"
	},
	{
		"id" : "13c7a160-8aad-4bec-90e3-60e68627a175",
		"name" : "Энтерпрайз",
		"room_number" : "1216",
		"room_name" : "1216"
	},
	{
		"id" : "b4b50236-a4bf-4093-8910-27076ccb688f",
		"name" : "Туалет",
		"room_number" : "Туалет",
		"room_name" : "Туалет"
	},
	{
		"id" : "3ca84dc4-8e78-4e5d-993a-59f367533fdb",
		"name" : "1220",
		"room_number" : "1220",
		"room_name" : "1220 (бывш. 271)"
	},
	{
		"id" : "a4a8a9a6-bbf5-4ebc-b133-ff79faa16a1d"
	},
	{
		"id" : "c3bda155-65eb-4ce3-9106-1efc71f76b9f",
		"name" : "Золотое сердце",
		"room_number" : "1217",
		"room_name" : "1217"
	},
	{
		"id" : "373cb497-88c2-4346-b03d-4477845471a1",
		"name" : "1233",
		"room_number" : "1233",
		"room_name" : "1233 (бывш. 289)"
	},
	{
		"id" : "83266d60-6226-42e6-a50d-4e9ebdee3e2e",
		"name" : "1222",
		"room_number" : "1222",
		"room_name" : "1222 (бывш. 280)"
	},
	{
		"id" : "d67e849b-ce04-440a-98a2-5217dbc155fd"
	},
	{
		"id" : "353be46e-5e48-4ea9-b4c7-c994fde1842d",
		"name" : "Светлячок",
		"room_number" : "1218",
		"room_name" : "1218"
	},
	{
		"id" : "e5a98ffa-23b6-48da-b411-6d679ad587da"
	},
	{
		"id" : "f5b019da-c4de-4530-941e-419cab53e576",
		"name" : "1235",
		"room_number" : "1235",
		"room_name" : "1235 (бывш. 293)"
	},
	{
		"id" : "156bfff4-4a39-40c7-9652-c934c84d6f7a",
		"name" : "1221",
		"room_number" : "1221",
		"room_name" : "1221"
	},
	{
		"id" : "bc246f5e-6fc5-4858-a139-33bffd3dc7ff",
		"name" : "1223",
		"room_number" : "1223",
		"room_name" : "1223"
	},
	{
		"id" : "8573ba05-6334-4925-8e9a-8199a4e9710c",
		"name" : "1219",
		"room_number" : "1219",
		"room_name" : "1219 (бывш. 281)"
	},
	{
		"id" : "098952db-d290-495f-a4e6-b5d16ea8473a"
	},
	{
		"id" : "a955e1e0-507b-41bf-9f58-f68abe19ed0c"
	},
	{
		"id" : "2575e1fd-f87d-4507-9081-d5af18c0d308"
	},
	{
		"id" : "0944cab5-8ef6-43fc-9d73-4ac6637f0571",
		"name" : "1 этаж"
	},
	{
		"id" : "80e16c03-d746-497e-bd39-926dc4e02fd4",
		"name" : "1 этаж"
	},
	{
		"id" : "a35381e6-e29a-4d1e-bcc8-8e9b1ce3dc12",
		"name" : "2109",
		"room_number" : "2109",
		"room_name" : "2109"
	},
	{
		"id" : "51ae2a7b-1500-4d25-942b-312564633449",
		"name" : "1 этаж"
	},
	{
		"id" : "a2563b45-7e70-4819-b347-b52c12e6201e",
		"name" : "1 этаж"
	},
	{
		"id" : "0733fa66-9415-4891-a818-2f67a7225c23",
		"name" : "1 этаж"
	},
	{
		"id" : "2e3cba71-889d-4413-80df-efac17725134"
	},
	{
		"id" : "7c751cfe-dae0-42b9-8c85-450d265b2667",
		"name" : "2101",
		"room_number" : "2101",
		"room_name" : "2101 (бывш. 101)"
	},
	{
		"id" : "c3266463-fc9a-4680-9a56-322ae52e57cd",
		"name" : "2105",
		"room_number" : "2105",
		"room_name" : "2105"
	},
	{
		"id" : "ac440415-1403-4195-b85a-4139a7f067f9",
		"name" : "2112",
		"room_number" : "2112",
		"room_name" : "2112 (бывш. 19/7)"
	},
	{
		"id" : "02783219-195d-4fea-b22f-f5f964b9e2ce",
		"name" : "2109/1",
		"room_number" : "2109/1",
		"room_name" : "2109/1 (бывш. 19/10)"
	},
	{
		"id" : "69713ad6-063b-4546-9f38-8f6e31be91c7",
		"name" : "2118",
		"room_number" : "2118",
		"room_name" : "2118 (бывш. 19/2)"
	},
	{
		"id" : "5d96e287-00c8-419e-a9e2-45bcf6310c0e",
		"name" : "2114",
		"room_number" : "2114",
		"room_name" : "2114 (бывш. 19/6)"
	},
	{
		"id" : "4cc4bcbc-23c8-450a-9917-8167a89c612b",
		"name" : "2117",
		"room_number" : "2117",
		"room_name" : "2117 (бывш. 19/1)"
	},
	{
		"id" : "8a051794-c4da-4fea-afdc-75fcf190f6c9",
		"name" : "2116",
		"room_number" : "2116",
		"room_name" : "2116 (бывш. 19/3)"
	},
	{
		"id" : "ceee54d7-ea53-4334-a8c5-68812053e8cc",
		"name" : "2108",
		"room_number" : "2108",
		"room_name" : "2108 (бывш. 107)"
	},
	{
		"id" : "4af143f5-14d5-4b4b-a1d5-5fd284ab34c1",
		"name" : "2111",
		"room_number" : "2111",
		"room_name" : "2111 (бывш. 19/8)"
	},
	{
		"id" : "ce20ca44-ba3f-4a4b-8c01-36ee153fef73",
		"name" : "2106/2",
		"room_number" : "2106/2",
		"room_name" : "2106/2 (бывш. 105/3 (усл))"
	},
	{
		"id" : "432be8fe-bedb-4630-8209-c77bf7d25267",
		"name" : "2110",
		"room_number" : "2110",
		"room_name" : "2110 (бывш. 19/9)"
	},
	{
		"id" : "7717dae6-1aea-4ddb-919d-44c4899499cc",
		"name" : "2101/1",
		"room_number" : "2101/1",
		"room_name" : "2101/1 (бывш. 103)"
	},
	{
		"id" : "7bff8b84-2f46-4c2a-a5f2-ad6960dece0d"
	},
	{
		"id" : "22492280-088e-4ed1-8ee6-aa56f2234eb9"
	},
	{
		"id" : "0770af52-0df3-49a1-8531-4b482a9ca61a",
		"name" : "2120",
		"room_number" : "2120",
		"room_name" : "2120 (бывш. 19/11)"
	},
	{
		"id" : "0a52249f-3ebb-499f-a8b0-694120320c8e"
	},
	{
		"id" : "e95a4e60-53ac-48f8-8c35-0775c8d88fef",
		"name" : "2106",
		"room_number" : "2106",
		"room_name" : "2106 (бывш. 105/1 (усл))"
	},
	{
		"id" : "6072119d-8ccf-44a6-adfa-ee0646d134ad",
		"name" : "2107",
		"room_number" : "2107",
		"room_name" : "2107 (бывш. 106/1 (усл))"
	},
	{
		"id" : "2d3f92a9-ca58-4482-ba44-2d5ce0bbe386",
		"name" : "2106/1",
		"room_number" : "2106/1",
		"room_name" : "2106/1 (бывш. 105/2 (усл))"
	},
	{
		"id" : "b3b1c032-3fc1-44b1-a041-0632450b62b8",
		"name" : "2106/3",
		"room_number" : "2106/3",
		"room_name" : "2106/3 (бывш. 105/4 (усл))"
	},
	{
		"id" : "e23fc6d3-a580-4d33-af34-a93c722c0c70"
	},
	{
		"id" : "0e26d61b-f984-46f4-993b-b02a58dbc2a7",
		"name" : "2107/2",
		"room_number" : "2107/2",
		"room_name" : "2107/2 (бывш. 106/2 (усл))"
	},
	{
		"id" : "91e54df2-442d-4167-8dc0-b3e8ab0176bf",
		"name" : "2107/1",
		"room_number" : "2107/1",
		"room_name" : "2107/1 (бывш. 106/3 (усл))"
	},
	{
		"id" : "62040116-6e74-4fe0-adde-08624ecc0bb9"
	},
	{
		"id" : "ed2dca1f-20af-4029-9911-cf7141660af2"
	},
	{
		"id" : "b2d2decc-f522-4481-b60e-0dc31a57951f"
	},
	{
		"id" : "8d0763c5-29b4-49e4-a158-958fe47ed44b"
	},
	{
		"id" : "25e204f8-7a11-4353-bba5-285a256db9c5"
	},
	{
		"id" : "47d4f8ba-12ad-44e0-95a4-2d0d0cc04c2f"
	},
	{
		"id" : "8ee70816-e4a2-40e1-a4af-ea22b4f74dc3"
	},
	{
		"id" : "df26897d-0985-4149-804f-5586c6426520"
	},
	{
		"id" : "fdfd36aa-2fdc-466f-8460-5b41dbea7dc8"
	},
	{
		"id" : "d8fc7aa4-f5e7-4939-9105-d3890d20b2a0",
		"name" : "1 этаж"
	},
	{
		"id" : "84a75707-da47-489f-bb31-8ebf244cdad3",
		"name" : "1 этаж"
	},
	{
		"id" : "698f134f-08ec-44bc-8bf3-4a0b5c5f3e6a",
		"name" : "1 этаж"
	},
	{
		"id" : "bfeb6270-153a-474b-9c39-f1dfed168aa6",
		"name" : "5 этаж"
	},
	{
		"id" : "a3a496d2-46fc-484d-8490-cacd71bfc8ea"
	},
	{
		"id" : "816c3f43-bc08-49ad-9f54-8d5e0be39c1a",
		"name" : "5 этаж"
	},
	{
		"id" : "98d34983-26bc-4a24-a94b-e516ecb7d949"
	},
	{
		"id" : "dad28ac6-30bb-42c3-afa7-3e66af157911",
		"name" : "1502",
		"room_number" : "1502",
		"room_name" : "1502"
	},
	{
		"id" : "8b1612d6-4a9f-46bc-8924-3a97496daa19"
	},
	{
		"id" : "78888f06-6ceb-460a-8a6a-d0d368d1b54d",
		"name" : "5 этаж"
	},
	{
		"id" : "eff44542-7bc6-4c80-b3e5-3db6278824e9",
		"name" : "1508",
		"room_number" : "1508",
		"room_name" : "1508 (бывш. 564)"
	},
	{
		"id" : "e150ace8-ecbc-4a15-be01-43f746871542",
		"name" : "1506",
		"room_number" : "1506",
		"room_name" : "1506 (бывш. 562)"
	},
	{
		"id" : "f224dce0-47c6-4e85-b68e-12cecb90cc88",
		"name" : "1503/1",
		"room_number" : "1503/1",
		"room_name" : "1503/1 (бывш. 556)"
	},
	{
		"id" : "60b239af-6be6-4039-9ce6-5010a1ef31e9",
		"name" : "1509",
		"room_number" : "1509",
		"room_name" : "1509 (бывш. 566)"
	},
	{
		"id" : "927a269f-6f53-4be2-bfcd-deb818e52630",
		"name" : "1516",
		"room_number" : "1516",
		"room_name" : "1516 (бывш. 571)"
	},
	{
		"id" : "3a1074a4-d023-4439-b2b7-9973000a2791",
		"name" : "1522",
		"room_number" : "1522",
		"room_name" : "1522 (бывш. 579)"
	},
	{
		"id" : "18ae70ae-f80e-4ae5-98cc-4204cc00fa5f",
		"name" : "1502/1",
		"room_number" : "1502/1",
		"room_name" : "1502/1 (бывш. 552)"
	},
	{
		"id" : "49e73ebe-1483-4195-808a-4c0d2bf84b40",
		"name" : "1512",
		"room_number" : "1512",
		"room_name" : "1512 (бывш. 583)"
	},
	{
		"id" : "8749f76e-8600-4425-84b2-3fa8c112117d",
		"name" : "1503/3",
		"room_number" : "1503/3",
		"room_name" : "1503/3 (бывш. 556б (присв))"
	},
	{
		"id" : "0e86f369-0f38-4ab7-8c6e-9e321574a18b",
		"name" : "1519",
		"room_number" : "1519",
		"room_name" : "1519 (бывш. 576)"
	},
	{
		"id" : "a020f6f6-4a63-4212-8b72-7e3469c11bb5",
		"name" : "1502/2",
		"room_number" : "1502/2",
		"room_name" : "1502/2 (бывш. 553)"
	},
	{
		"id" : "dd1df02b-8f89-4a71-bc26-59a17ce59b74",
		"name" : "1518",
		"room_number" : "1518",
		"room_name" : "1518 (бывш. 575)"
	},
	{
		"id" : "ade21e19-1295-4341-8863-b26d4c2fa9d5",
		"name" : "1521",
		"room_number" : "1521",
		"room_name" : "1521 (бывш. 578)"
	},
	{
		"id" : "9494a40f-de09-4e41-b977-7406df6ba00c"
	},
	{
		"id" : "41097de2-6076-40f7-8bea-1005121ad7d5",
		"name" : "1525",
		"room_number" : "1525",
		"room_name" : "1525 (бывш. 581)"
	},
	{
		"id" : "20e60f52-95f5-4515-b2bc-062b44cc68d2",
		"name" : "1524",
		"room_number" : "1524",
		"room_name" : "1524 (бывш. 582)"
	},
	{
		"id" : "ed11e406-a482-40e0-9cbd-e3a47e203f21",
		"name" : "1513",
		"room_number" : "1513",
		"room_name" : "1513 (бывш. 570)"
	},
	{
		"id" : "902bc29c-b166-4a57-aba3-c8aa7a64366d",
		"name" : "1511",
		"room_number" : "1511",
		"room_name" : "1511 (бывш. 568)"
	},
	{
		"id" : "c1cb84e0-ec06-43fc-bf0a-f70d146e1355",
		"name" : "1515",
		"room_number" : "1515",
		"room_name" : "1515 (бывш. 572)"
	},
	{
		"id" : "a38c84b3-4b9f-4d3e-8485-693b0f372eb0",
		"name" : "1501",
		"room_number" : "1501",
		"room_name" : "1501 (бывш. 551)"
	},
	{
		"id" : "0c2d4665-7605-4317-82d6-a4b56ebd8eaa",
		"name" : "1520",
		"room_number" : "1520",
		"room_name" : "1520 (бывш. 577)"
	},
	{
		"id" : "8aa61651-a37b-4451-937e-e77da93bedda",
		"name" : "1517/2",
		"room_number" : "1517/2",
		"room_name" : "1517/2 (бывш. 573/2 (усл))"
	},
	{
		"id" : "532d11b6-dd1b-4b65-8626-c279a1cdd462",
		"name" : "1523",
		"room_number" : "1523",
		"room_name" : "1523 (бывш. 580)"
	},
	{
		"id" : "30999a03-98de-488f-8d80-7ca7bc30b680",
		"name" : "1517",
		"room_number" : "1517",
		"room_name" : "1517 (бывш. 573)"
	},
	{
		"id" : "93669cb9-68d9-4838-8655-10830c95dc8c",
		"name" : "1510",
		"room_number" : "1510",
		"room_name" : "1510 (бывш. 567)"
	},
	{
		"id" : "d8959693-d902-4173-8d39-fcb2554bc004",
		"name" : "1514",
		"room_number" : "1514",
		"room_name" : "1514 (бывш. 569)"
	},
	{
		"id" : "933e5e60-b838-4417-81b9-911169e4bcc1",
		"name" : "Туалет",
		"room_number" : "Туалет",
		"room_name" : "Туалет"
	},
	{
		"id" : "b3a4cb75-a612-4516-9e44-ed166d472ed3",
		"name" : "1503/2",
		"room_number" : "1503/2",
		"room_name" : "1503/2 (бывш. 556а (присв))"
	},
	{
		"id" : "f168bc7a-9985-4522-bf3c-f10d5188562c",
		"name" : "1504",
		"room_number" : "1504",
		"room_name" : "1504 (бывш. 560)"
	},
	{
		"id" : "a77b8ebe-70ef-4953-b994-7137840834ba",
		"name" : "1507",
		"room_number" : "1507",
		"room_name" : "1507 (бывш. 563)"
	},
	{
		"id" : "4bb9787a-60ad-4391-b425-793e60c52599",
		"name" : "1505",
		"room_number" : "1505",
		"room_name" : "1505 (бывш. 561)"
	},
	{
		"id" : "9468ee20-caca-4c2c-ac5f-90c807b8ceea"
	},
	{
		"id" : "e2c46101-20c0-4162-b54a-707680eb02da"
	},
	{
		"id" : "3d567e4a-5ff9-4045-852d-8b171ee2965c"
	}
]